名称,発生場所,発生年月日,当事者種別,事故内容,事故類型,所轄警察署,経度,緯度
全事故,米子市車尾六丁目,2014/9/18,軽乗用×軽乗用×普通乗用,軽傷事故,車両相互,米子署,133.3644744,35.4315859
全事故,鳥取市美和,2014/10/4,軽乗用×普通乗用,重傷事故,車両相互,鳥取署,134.2318455,35.45616038
全事故,米子市明治町,2014/11/5,軽乗用×歩行者,重傷事故,人対車両,米子署,133.3356156,35.42346425
全事故,米子市東福原一丁目,2014/11/15,軽乗用×自転車,軽傷事故,車両相互,米子署,133.3480359,35.43512827
全事故,米子市西福原一丁目,2014/11/20,軽乗用×自転車,軽傷事故,車両相互,米子署,133.3379135,35.44084224
全事故,米子市福市,2014/11/23,軽乗用×普通乗用,軽傷事故,車両相互,米子署,133.367092,35.40493366
全事故,米子市両三柳,2014/11/28,軽乗用×普通貨物,軽傷事故,車両相互,米子署,133.335409,35.45672493
全事故,鳥取市気高町浜村,2014/12/1,大型貨物×普通乗用,軽傷事故,車両相互,浜村署,134.0558971,35.51839542
全事故,鳥取市扇町,2014/12/4,普通乗用×歩行者,重傷事故,人対車両,鳥取署,134.2241808,35.4933185
全事故,米子市祇園町二丁目,2014/12/4,普通乗用×軽乗用,軽傷事故,車両相互,米子署,133.3237068,35.41898034
全事故,米子市一部,2014/12/5,普通乗用×軽乗用,軽傷事故,車両相互,米子署,133.3968865,35.40608864
全事故,西伯郡大山町國信,2014/12/7,普通乗用×自転車,重傷事故,車両相互,八橋署,133.4571771,35.48480752
全事故,鳥取市永楽温泉町,2014/12/8,普通貨物×歩行者,軽傷事故,人対車両,鳥取署,134.2287626,35.49478086
全事故,八頭郡八頭町宮谷,2014/12/8,普通乗用×歩行者,軽傷事故,人対車両,郡家署,134.2556445,35.41517974
全事故,倉吉市国府,2014/12/11,当事者不明×軽乗用,軽傷事故,車両相互,倉吉署,133.762873,35.43037614
全事故,米子市久米町,2014/12/11,軽乗用×軽乗用,軽傷事故,車両相互,米子署,133.3267473,35.42539168
全事故,米子市皆生新田二丁目,2014/12/12,軽乗用×歩行者,重傷事故,人対車両,米子署,133.365729,35.45218497
全事故,米子市車尾六丁目,2014/12/16,普通乗用×軽乗用,軽傷事故,車両相互,米子署,133.3644503,35.43153454
全事故,米子市一部,2014/12/16,軽乗用×軽乗用,軽傷事故,車両相互,米子署,133.3945468,35.40860583
全事故,鳥取市秋里,2014/12/17,普通貨物×軽乗用,軽傷事故,車両相互,鳥取署,134.2136875,35.52095028
全事故,西伯郡南部町阿賀,2014/12/17,軽乗用×普通乗用,軽傷事故,車両相互,米子署,133.330524,35.359015
全事故,米子市西福原二丁目,2014/12/19,軽乗用×普通乗用,軽傷事故,車両相互,米子署,133.3377636,35.4410399
全事故,米子市新開七丁目,2014/12/20,軽乗用×軽乗用,軽傷事故,車両相互,米子署,133.3398789,35.45991941
全事故,米子市米原五丁目,2014/12/22,普通乗用×普通乗用,軽傷事故,車両相互,米子署,133.3303959,35.44318814
全事故,鳥取市商栄町,2014/12/24,普通乗用×軽乗用,軽傷事故,車両相互,鳥取署,134.2061402,35.51292484
全事故,鳥取市気高町北浜2丁目,2014/12/25,軽乗用×軽乗用,軽傷事故,車両相互,浜村署,134.045302,35.51794253
全事故,鳥取市徳尾,2014/12/26,普通乗用×大型貨物,軽傷事故,車両相互,鳥取署,134.2013925,35.50220701
全事故,倉吉市広瀬町,2014/12/26,普通乗用×普通乗用,軽傷事故,車両相互,倉吉署,133.8136342,35.43142179
全事故,倉吉市山根,2014/12/26,軽乗用×軽貨物×軽貨物,軽傷事故,車両相互,倉吉署,133.8595433,35.4530488
全事故,米子市皆生四丁目,2014/12/26,軽乗用×軽乗用,軽傷事故,車両相互,米子署,133.3639063,35.44911991
全事故,米子市角盤町一丁目,2014/12/26,軽乗用×軽乗用,軽傷事故,車両相互,米子署,133.3322884,35.43166525
全事故,鳥取市富安2丁目,2014/12/27,普通乗用×自転車,重傷事故,車両相互,鳥取署,134.2276599,35.49276533
全事故,米子市東町,2014/12/28,軽乗用×軽乗用,軽傷事故,車両相互,米子署,133.3312787,35.42593576
全事故,鳥取市吉成1丁目,2014/12/29,普通乗用×普通乗用,軽傷事故,車両相互,鳥取署,134.2209311,35.4852914
全事故,鳥取市若葉台南2丁目,2014/12/29,普通乗用×軽乗用,軽傷事故,車両相互,鳥取署,134.2623432,35.44721411
全事故,米子市旗ヶ崎二丁目,2014/12/29,普通乗用×普通乗用,軽傷事故,車両相互,米子署,133.3180542,35.43657199
全事故,鳥取市祢宜谷,2014/12/30,軽貨物×自転車,軽傷事故,車両相互,鳥取署,134.2569117,35.4372059
全事故,米子市旗ヶ崎九丁目,2014/12/30,軽乗用×普通乗用,重傷事故,車両相互,米子署,133.3076103,35.44506936
全事故,鳥取市賀露町南２丁目,2014/12/31,普通乗用×軽乗用,軽傷事故,車両相互,鳥取署,134.1835383,35.52486396
全事故,鳥取市伏野,2015/1/1,普通乗用×普通乗用,軽傷事故,車両相互,鳥取署,134.1381241,35.52677231
全事故,鳥取市田島,2015/1/1,普通乗用×軽乗用,軽傷事故,車両相互,鳥取署,134.2225675,35.511526
全事故,鳥取市気高町八束水,2015/1/1,軽貨物×軽乗用,軽傷事故,車両相互,浜村署,134.0349902,35.51764926
全事故,米子市陰田町,2015/1/1,軽乗用×普通乗用,軽傷事故,車両相互,米子署,133.326528,35.40831924
全事故,日野郡日南町豊栄,2015/1/2,軽乗用×普通乗用,軽傷事故,車両相互,黒坂署,133.2447821,35.09355099
全事故,鳥取市古海,2015/1/3,軽乗用×軽乗用,軽傷事故,車両相互,鳥取署,134.2040461,35.49049515
全事故,境港市幸神町,2015/1/4,普通乗用×普通乗用,軽傷事故,車両相互,境港署,133.2403603,35.50485485
全事故,米子市西福原六丁目,2015/1/5,普通乗用×普通乗用,軽傷事故,車両相互,米子署,133.3390722,35.44766644
全事故,西伯郡伯耆町大殿,2015/1/5,軽乗用×軽乗用×軽乗用,軽傷事故,車両相互,黒坂署,133.3986908,35.38756706
全事故,倉吉市駄経寺町２丁目,2015/1/6,軽乗用×普通乗用,軽傷事故,車両相互,倉吉署,133.8384837,35.42960736
全事故,米子市日ノ出町一丁目,2015/1/6,軽貨物×軽乗用,軽傷事故,車両相互,米子署,133.3396631,35.43780418
全事故,東伯郡琴浦町八橋,2015/1/7,軽乗用×普通乗用,軽傷事故,車両相互,八橋署,133.6811958,35.50379014
全事故,鳥取市湖山町東３丁目,2015/1/8,軽乗用×軽乗用,軽傷事故,車両相互,鳥取署,134.1905982,35.51715657
全事故,東伯郡北栄町東園,2015/1/8,大型貨物×大型貨物×普通乗用,死亡事故,車両相互,倉吉署,133.7896567,35.49844892
全事故,米子市富益町,2015/1/8,普通乗用×軽乗用,軽傷事故,車両相互,米子署,133.28352,35.4749572
全事故,米子市錦町一丁目,2015/1/8,軽乗用×普通乗用,軽傷事故,車両相互,米子署,133.3344422,35.43376765
全事故,米子市東福原一丁目,2015/1/8,軽乗用×軽乗用×中型貨物×軽貨物×普通乗用,軽傷事故,車両相互,米子署,133.3415205,35.43885766
全事故,鳥取市西品治,2015/1/9,普通乗用×歩行者,重傷事故,人対車両,鳥取署,134.2222343,35.50864629
全事故,東伯郡北栄町東園,2015/1/9,普通乗用×軽乗用,軽傷事故,車両相互,倉吉署,133.7841235,35.48716124
全事故,西伯郡伯耆町岸本,2015/1/9,軽乗用×自転車,軽傷事故,車両相互,黒坂署,133.4143839,35.38784934
全事故,鳥取市天神町,2015/1/10,軽乗用×軽乗用,軽傷事故,車両相互,鳥取署,134.2197748,35.49297534
全事故,八頭郡若桜町大字若桜,2015/1/10,軽乗用×軽貨物,軽傷事故,車両相互,郡家署,134.4003644,35.34472496
全事故,鳥取市気高町八束水,2015/1/10,普通乗用×普通乗用,軽傷事故,車両相互,浜村署,134.0274254,35.51839892
全事故,倉吉市福光,2015/1/10,軽乗用×歩行者,死亡事故,人対車両,倉吉署,133.7871901,35.42423014
全事故,日野郡江府町宮市,2015/1/10,軽乗用×物件等,軽傷事故,車両単独,黒坂署,133.5256447,35.29414606
全事故,鳥取市気高町北浜2丁目,2015/1/13,軽乗用×普通貨物,軽傷事故,車両相互,浜村署,134.0447954,35.51794373
全事故,米子市淀江町西原,2015/1/13,普通乗用×軽乗用,軽傷事故,車両相互,米子署,133.419549,35.45334143
全事故,鳥取市材木町,2015/1/14,軽乗用×軽乗用,軽傷事故,車両相互,鳥取署,134.2302386,35.50982081
全事故,東伯郡琴浦町大字笠見,2015/1/15,軽貨物×大型貨物,死亡事故,車両相互,高速隊,133.6712604,35.49063643
全事故,鳥取市的場１丁目,2015/1/15,普通貨物×軽乗用×普通乗用,軽傷事故,車両相互,鳥取署,134.2341932,35.47314939
全事故,鳥取市千代水４丁目,2015/1/15,普通乗用×普通乗用,軽傷事故,車両相互,鳥取署,134.192426,35.51657083
全事故,鳥取市伏野,2015/1/16,軽乗用×普通乗用,軽傷事故,車両相互,鳥取署,134.1292159,35.52710243
全事故,鳥取市伏野,2015/1/16,普通乗用×普通乗用,重傷事故,車両相互,鳥取署,134.1292521,35.52706896
全事故,倉吉市尾田,2015/1/16,軽乗用×軽貨物,軽傷事故,車両相互,倉吉署,133.7620236,35.39255288
全事故,米子市今在家,2015/1/17,普通乗用×軽貨物,軽傷事故,車両相互,高速隊,133.3958607,35.42497893
全事故,鳥取市西大路,2015/1/18,軽乗用×軽乗用,軽傷事故,車両相互,鳥取署,134.2390294,35.47248366
全事故,八頭郡八頭町郡家,2015/1/18,軽乗用×軽乗用,重傷事故,車両相互,郡家署,134.2540437,35.41050129
全事故,米子市二本木,2015/1/18,普通乗用×軽乗用×普通乗用,軽傷事故,車両相互,米子署,133.3892669,35.4426322
全事故,鳥取市大杙,2015/1/19,普通乗用×原付,軽傷事故,車両相互,鳥取署,134.2459462,35.48424558
全事故,米子市二本木,2015/1/19,軽乗用×普通乗用,軽傷事故,車両相互,米子署,133.3889703,35.44286572
全事故,米子市灘町三丁目,2015/1/19,普通乗用×軽乗用,軽傷事故,車両相互,米子署,133.3202285,35.43469122
全事故,鳥取市叶,2015/1/20,軽貨物×軽乗用,軽傷事故,車両相互,鳥取署,134.2177414,35.4779016
全事故,鳥取市湖山町北4丁目,2015/1/21,普通乗用×歩行者,軽傷事故,人対車両,鳥取署,134.1768777,35.52500249
全事故,鳥取市川端２丁目,2015/1/22,普通乗用×普通乗用,軽傷事故,車両相互,鳥取署,134.2293126,35.50064813
全事故,米子市両三柳,2015/1/25,普通乗用×軽乗用,軽傷事故,車両相互,米子署,133.3304936,35.45201292
全事故,米子市西福原六丁目,2015/1/25,軽貨物×歩行者,軽傷事故,人対車両,米子署,133.3414719,35.44830282
全事故,鳥取市栄町,2015/1/26,普通乗用×自転車,軽傷事故,車両相互,鳥取署,134.2283795,35.49612703
全事故,八頭郡八頭町郡家,2015/1/26,軽乗用×軽乗用,軽傷事故,車両相互,郡家署,134.2531207,35.41376919
全事故,西伯郡伯耆町宮原,2015/1/28,軽乗用×大型貨物,死亡事故,車両相互,高速隊,133.4470006,35.33205645
死亡事故,東伯郡琴浦町大字笠見,2015/1/15,軽貨物×大型貨物,死亡事故,車両相互,高速隊,133.6712604,35.49063643
死亡事故,西伯郡伯耆町宮原,2015/1/28,軽乗用×大型貨物,死亡事故,車両相互,高速隊,133.4470006,35.33205645
死亡事故,東伯郡北栄町東園,2015/1/8,大型貨物×大型貨物×普通乗用,死亡事故,車両相互,倉吉署,133.7896567,35.49844892
死亡事故,倉吉市福光,2015/1/10,軽乗用×歩行者,死亡事故,人対車両,倉吉署,133.7871901,35.42423014
自転車事故,鳥取市富安2丁目,2014/12/27,普通乗用×自転車,重傷事故,車両相互,鳥取署,134.2276599,35.49276533
自転車事故,鳥取市祢宜谷,2014/12/30,軽貨物×自転車,軽傷事故,車両相互,鳥取署,134.2569117,35.4372059
自転車事故,鳥取市栄町,2015/1/26,普通乗用×自転車,軽傷事故,車両相互,鳥取署,134.2283795,35.49612703
自転車事故,西伯郡大山町國信,2014/12/7,普通乗用×自転車,重傷事故,車両相互,八橋署,133.4571771,35.48480752
自転車事故,米子市西福原一丁目,2014/11/20,軽乗用×自転車,軽傷事故,車両相互,米子署,133.3379135,35.44084224
自転車事故,米子市東福原一丁目,2014/11/15,軽乗用×自転車,軽傷事故,車両相互,米子署,133.3480359,35.43512827
自転車事故,西伯郡伯耆町岸本,2015/1/9,軽乗用×自転車,軽傷事故,車両相互,黒坂署,133.4143839,35.38784934
歩行者事故,鳥取市扇町,2014/12/4,普通乗用×歩行者,重傷事故,人対車両,鳥取署,134.2241808,35.4933185
歩行者事故,鳥取市永楽温泉町,2014/12/8,普通貨物×歩行者,軽傷事故,人対車両,鳥取署,134.2287626,35.49478086
歩行者事故,鳥取市西品治,2015/1/9,普通乗用×歩行者,重傷事故,人対車両,鳥取署,134.2222343,35.50864629
歩行者事故,鳥取市湖山町北4丁目,2015/1/21,普通乗用×歩行者,軽傷事故,人対車両,鳥取署,134.1768777,35.52500249
歩行者事故,八頭郡八頭町宮谷,2014/12/8,普通乗用×歩行者,軽傷事故,人対車両,郡家署,134.2556445,35.41517974
歩行者事故,倉吉市福光,2015/1/10,軽乗用×歩行者,死亡事故,人対車両,倉吉署,133.7871901,35.42423014
歩行者事故,米子市明治町,2014/11/5,軽乗用×歩行者,重傷事故,人対車両,米子署,133.3356156,35.42346425
歩行者事故,米子市皆生新田二丁目,2014/12/12,軽乗用×歩行者,重傷事故,人対車両,米子署,133.365729,35.45218497
歩行者事故,米子市西福原六丁目,2015/1/25,軽貨物×歩行者,軽傷事故,人対車両,米子署,133.3414719,35.44830282
全事故,米子市福市,2014/8/19,普通乗用×普通乗用,重傷事故,車両相互,米子署,133.3670192,35.40509272
全事故,西伯郡日吉津村大字日吉津,2014/11/3,普通乗用×歩行者,重傷事故,人対車両,米子署,133.3863307,35.44509031
全事故,米子市新開六丁目,2014/11/23,普通貨物×普通乗用,軽傷事故,車両相互,米子署,133.3440187,35.45802577
全事故,鳥取市宮長,2014/12/16,軽乗用×軽乗用,重傷事故,車両相互,鳥取署,134.2255956,35.47682295
全事故,市米子市彦名町,2014/12/18,軽乗用×物件等,軽傷事故,車両単独,米子署,133.2948605,35.4450888
全事故,鳥取市興南町,2014/12/28,普通乗用×普通乗用,軽傷事故,車両相互,鳥取署,134.2319539,35.48860243
全事故,鳥取市佐治町福園,2014/12/29,自動二輪×相手なし,重傷事故,車両単独,智頭署,134.1060106,35.33094617
全事故,米子市淀江町西原,2015/1/2,普通乗用×軽乗用,軽傷事故,車両相互,米子署,133.4123124,35.45335236
全事故,鳥取市南町,2015/1/4,軽乗用×歩行者,軽傷事故,人対車両,鳥取署,134.2259184,35.49982095
全事故,鳥取市千代水2丁目,2015/1/6,普通貨物×軽乗用,軽傷事故,車両相互,鳥取署,134.195563,35.51519825
全事故,米子市新開７丁目,2015/1/10,軽乗用×軽乗用,軽傷事故,車両相互,米子署,133.3388211,35.45605657
全事故,西伯郡伯耆町大殿,2015/1/10,軽乗用×普通乗用,軽傷事故,車両相互,黒坂署,133.4061497,35.38608319
全事故,鳥取市南町,2015/1/13,普通乗用×歩行者,重傷事故,人対車両,鳥取署,134.2253049,35.50187492
全事故,鳥取市江津,2015/1/14,軽乗用×軽乗用,軽傷事故,車両相互,鳥取署,134.2109063,35.52184362
全事故,鳥取市叶,2015/1/14,普通乗用×物件等,重傷事故,車両単独,鳥取署,134.2171177,35.47397689
全事故,西伯郡伯耆町坂長,2015/1/17,普通乗用×普通乗用,重傷事故,車両相互,黒坂署,133.3829614,35.38303359
全事故,米子市角盤町四丁目,2015/1/18,軽乗用×軽乗用,軽傷事故,車両相互,米子署,133.3287842,35.43736762
全事故,境港市福定町,2015/1/20,軽乗用×自転車,重傷事故,車両相互,境港署,133.241081,35.5269646
全事故,鳥取市河原町今在家,2015/1/21,中型貨物×軽乗用×軽乗用,軽傷事故,車両相互,智頭署,134.2044974,35.39961003
全事故,鳥取市安長,2015/1/22,軽乗用×普通乗用,軽傷事故,車両相互,鳥取署,134.1984989,35.51374368
全事故,鳥取市卯垣5丁目,2015/1/22,軽貨物×自転車,重傷事故,車両相互,鳥取署,134.2584388,35.49240186
全事故,鳥取市瓦町,2015/1/24,軽乗用×普通乗用,軽傷事故,車両相互,鳥取署,134.2270514,35.49634092
全事故,米子市花園町,2015/1/24,軽乗用×軽乗用,軽傷事故,車両相互,米子署,133.3223911,35.43724459
全事故,鳥取市津ノ井,2015/1/25,普通乗用×普通乗用,軽傷事故,車両相互,鳥取署,134.2431832,35.4620452
全事故,鳥取市賀露町南4丁目,2015/1/25,普通貨物×軽乗用,重傷事故,車両相互,鳥取署,134.1914299,35.52695948
全事故,鳥取市吉成,2015/1/26,軽乗用×歩行者,軽傷事故,人対車両,鳥取署,134.2219986,35.48954992
全事故,鳥取市東品治町,2015/1/27,普通乗用×歩行者,軽傷事故,人対車両,鳥取署,134.2281428,35.49382394
全事故,米子市日ノ出町一丁目,2015/1/27,普通乗用×歩行者,軽傷事故,人対車両,米子署,133.3394292,35.43779876
全事故,西伯郡伯耆町大殿,2015/1/27,軽乗用×軽貨物,軽傷事故,車両相互,黒坂署,133.3936206,35.39026129
全事故,鳥取市宮長,2015/1/28,軽乗用×軽乗用,軽傷事故,車両相互,鳥取署,134.2251081,35.47532999
全事故,鳥取市大覚寺,2015/1/28,普通乗用×普通乗用,軽傷事故,車両相互,鳥取署,134.2332588,35.47815147
全事故,八頭郡八頭町奥谷,2015/1/28,普通乗用×歩行者,重傷事故,人対車両,郡家署,134.2571271,35.41772951
全事故,鳥取市桜谷,2015/1/29,軽乗用×普通乗用,重傷事故,車両相互,鳥取署,134.246004,35.46890745
全事故,鳥取市徳尾,2015/1/29,軽貨物×軽乗用,軽傷事故,車両相互,鳥取署,134.1969676,35.50129428
全事故,米子市冨士見町2丁目,2015/1/29,軽乗用×普通乗用,軽傷事故,車両相互,米子署,133.3344415,35.43272433
全事故,境港市佐斐神町,2015/1/30,軽乗用×軽貨物,軽傷事故,車両相互,境港署,133.2569137,35.50486305
全事故,鳥取市安長,2015/1/31,普通乗用×普通乗用,軽傷事故,車両相互,鳥取署,134.208886,35.51251374
全事故,西伯郡大山町赤松,2015/1/31,普通乗用×普通乗用,軽傷事故,車両相互,八橋署,133.5017023,35.39942419
全事故,米子市東町,2015/2/2,軽乗用×原付,軽傷事故,車両相互,米子署,133.3309355,35.42550665
全事故,北栄町東伯郡北栄町弓原,2015/2/3,普通乗用×中型貨物,軽傷事故,車両相互,倉吉署,133.8153766,35.49867784
全事故,鳥取市上味野,2015/2/4,普通乗用×歩行者,軽傷事故,人対車両,鳥取署,134.2035864,35.46308901
全事故,鳥取市面影２丁目,2015/2/4,普通乗用×物件等,軽傷事故,車両単独,鳥取署,134.2457713,35.4811285
全事故,鳥取市江津,2015/2/4,軽貨物×普通乗用,軽傷事故,車両相互,鳥取署,134.2097605,35.52585308
全事故,鳥取市気高町八束水,2015/2/4,普通貨物×軽乗用,軽傷事故,車両相互,浜村署,134.0343976,35.51763121
全事故,倉吉市生田,2015/2/4,普通乗用×軽乗用,軽傷事故,車両相互,倉吉署,133.8057171,35.41911194
全事故,倉吉市上井,2015/2/4,軽乗用×普通乗用,軽傷事故,車両相互,倉吉署,133.8539637,35.45268361
全事故,鳥取市緑ケ丘1丁目,2015/2/5,軽乗用×軽乗用,軽傷事故,車両相互,鳥取署,134.2136089,35.50020908
全事故,鳥取市今町1丁目,2015/2/5,普通乗用×普通乗用,軽傷事故,車両相互,鳥取署,134.2262537,35.49790065
全事故,米子市長砂町,2015/2/5,中型貨物×普通乗用,軽傷事故,車両相互,米子署,133.3559337,35.41681604
全事故,鳥取市江津,2015/2/6,普通乗用×普通乗用,軽傷事故,車両相互,鳥取署,134.2113173,35.52067687
全事故,米子市富士見町二丁目,2015/2/6,普通乗用×軽乗用,軽傷事故,車両相互,米子署,133.3340579,35.43331025
全事故,鳥取市湖山町北６丁目,2015/2/7,普通乗用×歩行者,死亡事故,人対車両,鳥取署,134.1797221,35.51911532
全事故,米子市冨士見町2丁目,2015/2/7,軽乗用×自転車,重傷事故,車両相互,米子署,133.3340712,35.43313769
全事故,八頭郡八頭町下坂,2015/2/8,軽乗用×普通乗用,軽傷事故,車両相互,郡家署,134.2621761,35.42282753
全事故,西伯郡伯耆町岩立,2015/2/8,普通乗用×歩行者,軽傷事故,人対車両,黒坂署,133.5097936,35.36770157
全事故,鳥取市江津,2015/2/9,普通乗用×軽乗用×普通乗用,軽傷事故,車両相互,鳥取署,134.2108226,35.52190002
全事故,鳥取市西品治,2015/2/9,軽乗用×軽乗用,軽傷事故,車両相互,鳥取署,134.2174257,35.50448668
全事故,岩美郡岩美町浦富,2015/2/9,軽乗用×軽貨物,軽傷事故,車両相互,鳥取署,134.3169154,35.57738202
全事故,西伯郡大山町赤松,2015/2/9,大型乗用×物件等×歩行者以外の道路上の人,軽傷事故,車両単独,八橋署,133.4878248,35.40226033
全事故,米子市石井,2015/2/9,普通乗用×軽乗用×軽貨物,軽傷事故,車両相互,米子署,133.3442611,35.40366346
全事故,鳥取市気高町下光元,2015/2/10,普通乗用×普通乗用,軽傷事故,車両相互,浜村署,134.0786782,35.49148243
全事故,米子市冨士見町一丁目,2015/2/10,軽乗用×普通乗用,軽傷事故,車両相互,米子署,133.3386374,35.432108
全事故,鳥取市秋里,2015/2/11,普通乗用×自転車,重傷事故,車両相互,鳥取署,134.2157594,35.52276374
全事故,鳥取市湖山町西1丁目,2015/2/12,普通乗用×普通乗用,軽傷事故,車両相互,鳥取署,134.163424,35.52173802
全事故,鳥取市正蓮寺,2015/2/12,軽乗用×自転車,重傷事故,車両相互,鳥取署,134.2434429,35.47261539
全事故,倉吉市山根,2015/2/12,普通貨物×普通乗用,軽傷事故,車両相互,倉吉署,133.8493493,35.44856797
全事故,米子市糀町二丁目,2015/2/12,普通乗用×軽乗用,軽傷事故,車両相互,米子署,133.3390772,35.42899533
全事故,鳥取市湖山町東１丁目,2015/2/13,軽乗用×原付,軽傷事故,車両相互,鳥取署,134.1848468,35.51645622
全事故,倉吉市西倉吉町,2015/2/13,軽乗用×中型乗用,軽傷事故,車両相互,倉吉署,133.8067688,35.42719709
全事故,東伯郡琴浦町田越,2015/2/14,軽乗用×物件等,重傷事故,車両単独,高速隊,133.6787119,35.48712325
全事故,東伯郡琴浦町田越,2015/2/14,普通乗用×軽乗用,重傷事故,車両相互,高速隊,133.677783,35.4874754
全事故,東伯郡湯梨浜町大字石脇,2015/2/15,軽貨物×普通乗用,軽傷事故,車両相互,倉吉署,133.9525149,35.51450228
全事故,米子市旗ヶ崎7丁目,2015/2/15,普通乗用×普通乗用,軽傷事故,車両相互,米子署,133.3061533,35.43940793
全事故,倉吉市下古川,2015/2/16,軽貨物×大型貨物,死亡事故,車両相互,倉吉署,133.8302339,35.46739609
全事故,米子市道笑町四丁目,2015/2/17,普通乗用×軽貨物,軽傷事故,車両相互,米子署,133.3473885,35.42284765
全事故,米子市上福原,2015/2/17,普通乗用×軽貨物,軽傷事故,車両相互,米子署,133.3607774,35.44254027
全事故,鳥取市千代水３丁目,2015/2/20,大型貨物×軽乗用,軽傷事故,車両相互,鳥取署,134.1994305,35.5168795
全事故,鳥取市百谷,2015/2/20,普通乗用×物件等,軽傷事故,車両単独,鳥取署,134.2792427,35.5128846
全事故,東伯郡琴浦町徳万,2015/2/21,軽乗用×普通乗用,軽傷事故,車両相互,八橋署,133.6901966,35.50380338
全事故,米子市二本木,2015/2/22,普通乗用×軽乗用,軽傷事故,車両相互,米子署,133.3882969,35.44070367
全事故,鳥取市行徳1丁目,2015/2/24,普通乗用×歩行者,重傷事故,人対車両,鳥取署,134.2190048,35.49867529
全事故,境港市竹内町,2015/2/25,普通乗用×軽乗用,軽傷事故,車両相互,境港署,133.2320397,35.5221549
死亡事故,鳥取市湖山町北６丁目,2015/2/7,普通乗用×歩行者,死亡事故,人対車両,鳥取署,134.1797221,35.51911532
死亡事故,倉吉市下古川,2015/2/16,軽貨物×大型貨物,死亡事故,車両相互,倉吉署,133.8302339,35.46739609
自転車事故,鳥取市卯垣5丁目,2015/1/22,軽貨物×自転車,重傷事故,車両相互,鳥取署,134.2584388,35.49240186
自転車事故,鳥取市秋里,2015/2/11,普通乗用×自転車,重傷事故,車両相互,鳥取署,134.2157594,35.52276374
自転車事故,鳥取市正蓮寺,2015/2/12,軽乗用×自転車,重傷事故,車両相互,鳥取署,134.2434429,35.47261539
自転車事故,米子市冨士見町2丁目,2015/2/7,軽乗用×自転車,重傷事故,車両相互,米子署,133.3340712,35.43313769
自転車事故,境港市福定町,2015/1/20,軽乗用×自転車,重傷事故,車両相互,境港署,133.241081,35.5269646
歩行者事故,鳥取市東品治町,2015/1/27,普通乗用×歩行者,軽傷事故,人対車両,鳥取署,134.2281428,35.49382394
歩行者事故,鳥取市湖山町北６丁目,2015/2/7,普通乗用×歩行者,死亡事故,人対車両,鳥取署,134.1797221,35.51911532
歩行者事故,鳥取市上味野,2015/2/4,普通乗用×歩行者,軽傷事故,人対車両,鳥取署,134.2035864,35.46308901
歩行者事故,鳥取市南町,2015/1/13,普通乗用×歩行者,重傷事故,人対車両,鳥取署,134.2253049,35.50187492
歩行者事故,鳥取市吉成,2015/1/26,軽乗用×歩行者,軽傷事故,人対車両,鳥取署,134.2219986,35.48954992
歩行者事故,鳥取市行徳1丁目,2015/2/24,普通乗用×歩行者,重傷事故,人対車両,鳥取署,134.2190048,35.49867529
歩行者事故,鳥取市南町,2015/1/4,軽乗用×歩行者,軽傷事故,人対車両,鳥取署,134.2259184,35.49982095
歩行者事故,八頭郡八頭町奥谷,2015/1/28,普通乗用×歩行者,重傷事故,人対車両,郡家署,134.2571271,35.41772951
歩行者事故,西伯郡日吉津村大字日吉津,2014/11/3,普通乗用×歩行者,重傷事故,人対車両,米子署,133.3863307,35.44509031
歩行者事故,米子市日ノ出町一丁目,2015/1/27,普通乗用×歩行者,軽傷事故,人対車両,米子署,133.3394292,35.43779876
歩行者事故,西伯郡伯耆町岩立,2015/2/8,普通乗用×歩行者,軽傷事故,人対車両,黒坂署,133.5097936,35.36770157
全事故,鳥取市湖山町東4丁目,2014/12/25,軽乗用×歩行者,重傷事故,人対車両,鳥取署,134.191967,35.5161354
全事故,米子市西福原四丁目,2014/12/28,軽乗用×普通乗用,軽傷事故,車両相互,米子署,133.3400955,35.4449273
全事故,倉吉市山根,2015/1/9,普通乗用×軽乗用,重傷事故,車両相互,倉吉署,133.8493278,35.44943651
全事故,米子市糀町二丁目,2015/1/28,普通乗用×軽乗用,軽傷事故,車両相互,米子署,133.3387288,35.42903486
全事故,鳥取市湖山町南5丁目,2015/2/3,軽乗用×歩行者,軽傷事故,人対車両,鳥取署,134.1689716,35.51967808
全事故,東伯郡北栄町下神,2015/2/3,普通乗用×軽乗用×軽乗用,軽傷事故,車両相互,倉吉署,133.802406,35.48444113
全事故,米子市東福原3丁目,2015/2/4,普通乗用×軽乗用×軽乗用,軽傷事故,車両相互,米子署,133.3445784,35.44140942
全事故,鳥取市吉成２丁目,2015/2/6,軽乗用×普通乗用,軽傷事故,車両相互,鳥取署,134.2270013,35.48420363
全事故,境港市湊町,2015/2/6,自転車×歩行者,軽傷事故,人対車両,境港署,133.2301242,35.53993432
全事故,米子市福万,2015/2/8,普通乗用×軽乗用,軽傷事故,車両相互,米子署,133.4370309,35.39097548
全事故,東伯郡湯梨浜町田後,2015/2/9,軽乗用×普通乗用,軽傷事故,車両相互,倉吉署,133.8512675,35.47832827
全事故,鳥取市滝山,2015/2/10,軽貨物×普通乗用,軽傷事故,車両相互,鳥取署,134.2718448,35.5009535
全事故,倉吉市小田,2015/2/13,軽乗用×軽貨物,重傷事故,車両相互,倉吉署,133.8397306,35.45044141
全事故,米子市宗像,2015/2/13,普通乗用×軽貨物×軽貨物,軽傷事故,車両相互,米子署,133.3614391,35.41245541
全事故,米子市西町,2015/2/15,軽乗用×歩行者,軽傷事故,人対車両,米子署,133.3269023,35.42878781
全事故,倉吉市八屋,2015/2/16,大型貨物×普通乗用,軽傷事故,車両相互,倉吉署,133.8491506,35.44448619
全事故,鳥取市気高町浜村,2015/2/17,普通乗用×普通乗用,軽傷事故,車両相互,浜村署,134.0552625,35.51830143
全事故,米子市昭和町,2015/2/21,軽乗用×軽乗用,軽傷事故,車両相互,米子署,133.3430423,35.42595353
全事故,米子市車尾六丁目,2015/2/21,軽乗用×普通乗用,軽傷事故,車両相互,米子署,133.3618949,35.4319878
全事故,倉吉市米田町2丁目,2015/2/22,対象外当事者×普通乗用,軽傷事故,車両相互,倉吉署,133.8460765,35.42635345
全事故,米子市陰田町,2015/2/22,軽乗用×普通乗用,軽傷事故,車両相互,米子署,133.3215653,35.41144819
全事故,鳥取市湖山町東2丁目,2015/2/24,軽乗用×歩行者,重傷事故,人対車両,鳥取署,134.1862644,35.51728378
全事故,米子市夜見町,2015/2/24,普通乗用×軽乗用,軽傷事故,車両相互,米子署,133.305459,35.46660005
全事故,米子市西福原,2015/2/24,軽乗用×軽乗用,軽傷事故,車両相互,米子署,133.3396728,35.43772228
全事故,米子市上福原5丁目,2015/2/24,軽貨物×軽乗用,軽傷事故,車両相互,米子署,133.3564333,35.45049547
全事故,境港市上道町,2015/2/24,普通乗用×普通乗用,軽傷事故,車両相互,境港署,133.2321508,35.53915381
全事故,鳥取市桜谷,2015/2/25,軽乗用×軽乗用,軽傷事故,車両相互,鳥取署,134.2544208,35.47207924
全事故,鳥取市高住,2015/2/25,普通貨物×大型貨物,軽傷事故,車両相互,鳥取署,134.1604381,35.49757464
全事故,鳥取市青葉町３丁目,2015/2/25,軽貨物×軽貨物×普通乗用,軽傷事故,車両相互,鳥取署,134.223545,35.5155622
全事故,西伯郡伯耆町溝口,2015/2/25,軽貨物×軽貨物,軽傷事故,車両相互,黒坂署,133.4361274,35.33919576
全事故,日野郡江府町大字江尾,2015/3/15,普通乗用×物件等,軽傷事故,車両単独,高速隊,133.5117542,35.29702773
全事故,西伯郡大山町塩津,2015/3/15,普通乗用×普通乗用,軽傷事故,車両相互,八橋署,133.5713138,35.5222898
全事故,米子市古豊千,2015/3/16,普通乗用×普通乗用,軽傷事故,車両相互,高速隊,133.3755199,35.42074507
全事故,倉吉市八幡町,2015/3/16,軽乗用×軽貨物,軽傷事故,車両相互,倉吉署,133.8119889,35.4230764
全事故,西伯郡大山町赤松,2015/3/16,普通貨物×普通乗用,重傷事故,車両相互,八橋署,133.4799475,35.40835338
全事故,米子市明治町,2015/3/16,軽乗用×自転車,軽傷事故,車両相互,米子署,133.3340713,35.42448546
全事故,鳥取市千代水２丁目,2015/2/23,普通乗用×軽乗用,軽傷事故,車両相互,鳥取署,134.2016103,35.51668665
全事故,倉吉市西倉吉町,2015/2/23,軽乗用×軽乗用×普通乗用,軽傷事故,車両相互,倉吉署,133.8034429,35.42827865
全事故,東伯郡北栄町西園,2015/2/23,普通乗用×自転車,重傷事故,車両相互,倉吉署,133.7661368,35.48982148
全事故,鳥取市若葉台南３丁目,2015/3/1,普通乗用×普通乗用,軽傷事故,車両相互,鳥取署,134.2672399,35.44928555
全事故,鳥取市青谷町青谷,2015/3/1,普通乗用×普通乗用,軽傷事故,車両相互,浜村署,134.0067574,35.5121107
全事故,鳥取市材木町,2015/3/4,軽貨物×軽乗用×軽乗用,軽傷事故,車両相互,鳥取署,134.231642,35.50869259
全事故,鳥取市湯所町2丁目,2015/3/4,普通乗用×自転車,軽傷事故,車両相互,鳥取署,134.2293839,35.51086907
全事故,米子市西福原三丁目,2015/3/4,普通乗用×軽乗用×軽乗用,軽傷事故,車両相互,米子署,133.3444477,35.44136112
全事故,境港市京町,2015/3/4,普通乗用×軽乗用,軽傷事故,車両相互,境港署,133.2268987,35.54542235
全事故,鳥取市吉方町2丁目,2015/3/3,軽乗用×軽乗用×普通乗用,軽傷事故,車両相互,鳥取署,134.2386663,35.49242566
全事故,鳥取市湯所町２丁目,2015/3/3,軽乗用×普通乗用,重傷事故,車両相互,鳥取署,134.2293669,35.5108448
全事故,鳥取市職人町,2015/3/3,普通乗用×自転車,重傷事故,車両相互,鳥取署,134.2337064,35.49916947
全事故,岩美郡岩美町浦富,2015/3/2,軽乗用×自動二輪,軽傷事故,車両相互,鳥取署,134.3265851,35.58335934
全事故,米子市内町,2015/3/2,軽乗用×軽乗用,軽傷事故,車両相互,米子署,133.3227932,35.43205835
全事故,鳥取市美萩野1丁目,2015/3/5,軽乗用×軽乗用,軽傷事故,車両相互,鳥取署,134.1387885,35.52384522
全事故,鳥取市南隈,2015/3/5,軽乗用×普通乗用,軽傷事故,車両相互,鳥取署,134.1990513,35.52080656
全事故,鳥取市商栄町,2015/3/10,軽貨物×普通乗用,軽傷事故,車両相互,鳥取署,134.2092229,35.51617428
全事故,鳥取市里仁,2015/3/10,軽乗用×普通乗用,軽傷事故,車両相互,鳥取署,134.1862777,35.5021062
全事故,鳥取市福部町箭溪,2015/3/10,軽乗用×普通乗用,重傷事故,車両相互,鳥取署,134.2872448,35.53738605
全事故,鳥取市青谷町善田,2015/3/10,中型貨物×普通乗用×普通貨物,軽傷事故,車両相互,浜村署,133.9989085,35.51297114
全事故,鳥取市蔵田,2015/3/11,中型貨物×普通乗用,軽傷事故,車両相互,鳥取署,134.2227048,35.45722916
全事故,米子市車尾三丁目,2015/3/11,普通乗用×原付,軽傷事故,車両相互,米子署,133.3558517,35.43544973
全事故,鳥取市湖山町西１丁目,2015/3/8,軽乗用×自転車,軽傷事故,車両相互,鳥取署,134.1707582,35.52297714
全事故,岩美郡岩美町浦富,2015/3/7,軽乗用×歩行者,軽傷事故,人対車両,鳥取署,134.3331517,35.57364577
全事故,米子市東倉吉町,2015/3/7,軽乗用×普通乗用,軽傷事故,車両相互,米子署,133.3306732,35.42962003
全事故,米子市兼久,2015/3/7,普通乗用×軽乗用,軽傷事故,車両相互,米子署,133.3630442,35.40811924
全事故,米子市西福六丁目,2015/3/7,軽乗用×軽乗用,軽傷事故,車両相互,米子署,133.3380414,35.4494469
全事故,境港市日ノ出町,2015/3/7,普通乗用×軽貨物×歩行者,重傷事故,車両相互,境港署,133.2306115,35.54441962
全事故,鳥取市吉成南町2丁目,2015/3/6,軽乗用×普通乗用,軽傷事故,車両相互,鳥取署,134.2142501,35.47865266
全事故,鳥取市卯垣４丁目,2015/3/6,軽貨物×普通乗用,軽傷事故,車両相互,鳥取署,134.2533834,35.48818297
全事故,鳥取市富安1丁目,2015/3/14,軽乗用×自転車,軽傷事故,車両相互,鳥取署,134.2258264,35.49045425
全事故,鳥取市賀露町西３丁目,2015/3/9,大型乗用×普通乗用,軽傷事故,車両相互,鳥取署,134.1825087,35.53683317
全事故,米子市福市,2015/3/9,軽乗用×普通乗用,軽傷事故,車両相互,米子署,133.3650865,35.40666621
全事故,鳥取市今町２丁目,2015/3/19,普通乗用×軽乗用,軽傷事故,車両相互,鳥取署,134.2245704,35.49655056
全事故,鳥取市気高町八束水,2015/3/19,普通乗用×軽貨物×普通乗用,軽傷事故,車両相互,浜村署,134.027284,35.51841616
全事故,鳥取市伏野,2015/3/21,軽乗用×普通乗用,軽傷事故,車両相互,鳥取署,134.1242961,35.5262794
全事故,鳥取市今町2丁目,2015/3/21,普通乗用×軽乗用,軽傷事故,車両相互,鳥取署,134.2261569,35.49636508
全事故,鳥取市富安1丁目,2015/3/23,普通乗用×歩行者×歩行者,軽傷事故,人対車両,鳥取署,134.2263718,35.48949577
全事故,米子市花園町,2015/3/23,普通乗用×軽乗用,軽傷事故,車両相互,米子署,133.3191673,35.43512827
全事故,鳥取市国安,2015/3/28,軽乗用×軽貨物,軽傷事故,車両相互,鳥取署,134.2155886,35.46768884
全事故,鳥取市千代水4丁目,2015/3/13,軽乗用×自転車,軽傷事故,車両相互,鳥取署,134.1924119,35.51701642
全事故,境港市外江町,2015/3/13,普通乗用×普通乗用,軽傷事故,車両相互,境港署,133.2060365,35.52846992
全事故,八頭郡智頭町大字市瀬,2015/3/22,軽乗用×軽乗用,軽傷事故,車両相互,智頭署,134.2268453,35.27803142
全事故,東伯郡三朝町大瀬,2015/3/22,普通乗用×普通乗用,軽傷事故,車両相互,倉吉署,133.8664864,35.40782291
全事故,倉吉市清谷町２丁目,2015/3/22,軽乗用×軽乗用,軽傷事故,車両相互,倉吉署,133.845657,35.47456305
全事故,境港市外江町,2015/3/22,普通乗用×軽乗用,軽傷事故,車両相互,境港署,133.2124824,35.52465319
全事故,東伯郡北栄町東園,2015/3/17,軽乗用×普通乗用,軽傷事故,車両相互,倉吉署,133.7807695,35.48715533
全事故,倉吉市上余戸,2015/3/27,普通乗用×自転車,死亡事故,車両相互,倉吉署,133.8532615,35.43352846
全事故,米子市上後藤七丁目,2014/11/21,軽乗用×普通乗用,重傷事故,車両相互,米子署,133.312404,35.45063366
全事故,米子市角盤町二丁目,2014/11/30,普通貨物×歩行者,重傷事故,人対車両,米子署,133.3320927,35.43312374
全事故,米子市上後藤六丁目,2014/12/10,軽乗用×歩行者,重傷事故,人対車両,米子署,133.3111748,35.44786329
全事故,米子市旗ヶ崎二丁目,2014/12/10,普通乗用×自転車,重傷事故,車両相互,米子署,133.3188749,35.4352725
全事故,米子市新山,2014/10/10,普通乗用×軽貨物,重傷事故,車両相互,米子署,133.3301109,35.39314083
全事故,米子市東福原六丁目,2015/2/28,軽乗用×歩行者,軽傷事故,人対車両,米子署,133.3477885,35.44611798
全事故,米子市両三柳,2015/2/28,普通乗用×軽乗用,軽傷事故,車両相互,米子署,133.331873,35.45169174
全事故,西伯郡南部町落合,2015/3/20,大型貨物×普通乗用,軽傷事故,車両相互,米子署,133.3292242,35.33654359
全事故,米子市彦名町,2015/2/27,軽貨物×普通乗用,軽傷事故,車両相互,米子署,133.2920013,35.44695792
全事故,境港市竹内町,2015/2/27,普通乗用×自転車,軽傷事故,車両相互,境港署,133.2365592,35.52214997
全事故,米子市道笑町4丁目,2015/3/25,普通乗用×自転車,軽傷事故,車両相互,米子署,133.3462758,35.42359091
全事故,米子市東福原１丁目,2015/3/26,軽乗用×軽乗用,軽傷事故,車両相互,米子署,133.3436659,35.43713356
全事故,米子市西福原五丁目,2015/3/30,普通乗用×歩行者,軽傷事故,人対車両,米子署,133.3423217,35.44416387
全事故,境港市渡町,2015/3/24,軽乗用×普通乗用,軽傷事故,車両相互,境港署,133.2093989,35.52123159
全事故,境港市明治町,2015/3/24,普通乗用×歩行者,重傷事故,人対車両,境港署,133.2271413,35.54349136
死亡事故,倉吉市上余戸,2015/3/27,普通乗用×自転車,死亡事故,車両相互,倉吉署,133.8532615,35.43352846
自転車事故,鳥取市湯所町2丁目,2015/3/4,普通乗用×自転車,軽傷事故,車両相互,鳥取署,134.2293839,35.51086907
自転車事故,鳥取市湖山町西１丁目,2015/3/8,軽乗用×自転車,軽傷事故,車両相互,鳥取署,134.1707582,35.52297714
自転車事故,鳥取市職人町,2015/3/3,普通乗用×自転車,重傷事故,車両相互,鳥取署,134.2337064,35.49916947
自転車事故,鳥取市富安1丁目,2015/3/14,軽乗用×自転車,軽傷事故,車両相互,鳥取署,134.2258264,35.49045425
自転車事故,鳥取市千代水4丁目,2015/3/13,軽乗用×自転車,軽傷事故,車両相互,鳥取署,134.1924119,35.51701642
自転車事故,東伯郡北栄町西園,2015/2/23,普通乗用×自転車,重傷事故,車両相互,倉吉署,133.7661368,35.48982148
自転車事故,倉吉市上余戸,2015/3/27,普通乗用×自転車,死亡事故,車両相互,倉吉署,133.8532615,35.43352846
自転車事故,米子市旗ヶ崎二丁目,2014/12/10,普通乗用×自転車,重傷事故,車両相互,米子署,133.3188749,35.4352725
自転車事故,米子市明治町,2015/3/16,軽乗用×自転車,軽傷事故,車両相互,米子署,133.3340713,35.42448546
自転車事故,米子市道笑町4丁目,2015/3/25,普通乗用×自転車,軽傷事故,車両相互,米子署,133.3462758,35.42359091
自転車事故,境港市湊町,2015/2/6,自転車×歩行者,軽傷事故,人対車両,境港署,133.2301242,35.53993432
自転車事故,境港市竹内町,2015/2/27,普通乗用×自転車,軽傷事故,車両相互,境港署,133.2365592,35.52214997
歩行者事故,鳥取市湖山町東4丁目,2014/12/25,軽乗用×歩行者,重傷事故,人対車両,鳥取署,134.191967,35.5161354
歩行者事故,鳥取市湖山町南5丁目,2015/2/3,軽乗用×歩行者,軽傷事故,人対車両,鳥取署,134.1689716,35.51967808
歩行者事故,岩美郡岩美町浦富,2015/3/7,軽乗用×歩行者,軽傷事故,人対車両,鳥取署,134.3331517,35.57364577
歩行者事故,鳥取市富安1丁目,2015/3/23,普通乗用×歩行者×歩行者,軽傷事故,人対車両,鳥取署,134.2263718,35.48949577
歩行者事故,鳥取市湖山町東2丁目,2015/2/24,軽乗用×歩行者,重傷事故,人対車両,鳥取署,134.1862644,35.51728378
歩行者事故,米子市西町,2015/2/15,軽乗用×歩行者,軽傷事故,人対車両,米子署,133.3269023,35.42878781
歩行者事故,米子市角盤町二丁目,2014/11/30,普通貨物×歩行者,重傷事故,人対車両,米子署,133.3320927,35.43312374
歩行者事故,米子市上後藤六丁目,2014/12/10,軽乗用×歩行者,重傷事故,人対車両,米子署,133.3111748,35.44786329
歩行者事故,米子市東福原六丁目,2015/2/28,軽乗用×歩行者,軽傷事故,人対車両,米子署,133.3477885,35.44611798
歩行者事故,米子市西福原五丁目,2015/3/30,普通乗用×歩行者,軽傷事故,人対車両,米子署,133.3423217,35.44416387
歩行者事故,境港市湊町,2015/2/6,自転車×歩行者,軽傷事故,人対車両,境港署,133.2301242,35.53993432
歩行者事故,境港市日ノ出町,2015/3/7,普通乗用×軽貨物×歩行者,重傷事故,車両相互,境港署,133.2306115,35.54441962
歩行者事故,境港市明治町,2015/3/24,普通乗用×歩行者,重傷事故,人対車両,境港署,133.2271413,35.54349136
全事故,東伯郡湯梨浜町大字園,2014/12/12,普通乗用×軽乗用×軽乗用,軽傷事故,車両相互,倉吉署,133.9339318,35.50657042
全事故,西伯郡南部町法勝寺,2015/1/6,軽乗用×普通乗用,軽傷事故,車両相互,米子署,133.3249421,35.341312
全事故,東伯郡北栄町東園,2015/1/26,大型貨物×軽乗用,軽傷事故,車両相互,倉吉署,133.7841497,35.48716443
全事故,米子市二本木,2015/2/9,普通乗用×軽乗用,軽傷事故,車両相互,米子署,133.3935084,35.45132828
全事故,米子市尾高,2015/2/21,普通乗用×歩行者,重傷事故,人対車両,米子署,133.4042576,35.42257172
全事故,米子市河崎,2015/3/4,軽乗用×軽乗用,軽傷事故,車両相互,米子署,133.3120489,35.46448629
全事故,東伯郡琴浦町大字赤碕,2015/3/10,軽乗用×軽乗用,軽傷事故,車両相互,八橋署,133.635157,35.51343106
全事故,鳥取市青谷町青谷,2015/3/14,普通乗用×軽乗用,軽傷事故,車両相互,浜村署,134.0212878,35.5148196
全事故,鳥取市末広温泉町,2015/3/9,普通乗用×原付,軽傷事故,車両相互,鳥取署,134.2315258,35.49559607
全事故,倉吉市東鴨新町,2015/3/19,普通乗用×軽乗用,軽傷事故,車両相互,倉吉署,133.8094173,35.40904864
全事故,米子市両三柳,2015/3/23,軽貨物×軽乗用,軽傷事故,車両相互,米子署,133.3154778,35.4499148
全事故,鳥取市長谷,2015/3/28,軽貨物×軽乗用,重傷事故,車両相互,鳥取署,134.2034443,35.43381837
全事故,西伯郡日吉津村日吉津,2015/3/28,普通乗用×普通乗用,軽傷事故,車両相互,米子署,133.3854203,35.4453946
全事故,米子市米原5丁目,2015/3/28,普通乗用×歩行者,軽傷事故,人対車両,米子署,133.3285705,35.44514124
全事故,西伯郡伯耆町溝口,2015/3/22,普通乗用×軽乗用,重傷事故,車両相互,黒坂署,133.4351066,35.34224871
全事故,鳥取市秋里,2015/3/27,普通乗用×普通乗用,軽傷事故,車両相互,鳥取署,134.2125775,35.51818855
全事故,米子市両三柳,2015/3/27,軽乗用×歩行者,軽傷事故,人対車両,米子署,133.3218672,35.45580083
全事故,米子市加茂町二丁目,2015/3/20,普通乗用×軽乗用,軽傷事故,車両相互,米子署,133.3293483,35.42718544
全事故,鳥取市南隈,2015/3/25,普通乗用×普通乗用,軽傷事故,車両相互,鳥取署,134.2025549,35.52076976
全事故,東伯郡湯梨浜町大字田後,2015/3/25,普通乗用×普通乗用,軽傷事故,車両相互,倉吉署,133.847342,35.47968875
全事故,西伯郡日吉津村大字日吉津,2015/3/25,普通乗用×自転車,重傷事故,車両相互,米子署,133.3837332,35.4500215
全事故,鳥取市東品治町,2015/3/26,普通乗用×歩行者,重傷事故,人対車両,鳥取署,134.22394,35.49498482
全事故,米子市新開7丁目,2015/3/26,普通乗用×自転車,軽傷事故,車両相互,米子署,133.3393661,35.45594901
全事故,東伯郡北栄町由良宿,2015/3/30,軽乗用×軽乗用,軽傷事故,車両相互,倉吉署,133.7559789,35.49165714
全事故,米子市両三柳,2015/3/30,軽貨物×普通乗用,軽傷事故,車両相互,米子署,133.3235537,35.44834384
全事故,米子市錦町三丁目,2015/3/30,軽乗用×普通乗用,軽傷事故,車両相互,米子署,133.3287698,35.43731848
全事故,境港市竹内町,2015/3/30,軽乗用×普通貨物×軽乗用,軽傷事故,車両相互,境港署,133.2321891,35.52184267
全事故,米子市上福原三丁目,2015/3/24,普通乗用×普通乗用×軽貨物,軽傷事故,車両相互,米子署,133.3528016,35.44745393
全事故,日野郡江府町大字江尾,2015/4/20,軽乗用×普通貨物,軽傷事故,車両相互,高速隊,133.5197955,35.29197302
全事故,東伯郡三朝町大字穴鴨,2015/4/20,軽乗用×物件等,重傷事故,車両単独,倉吉署,133.8335077,35.32540388
全事故,米子市諏訪,2015/4/20,軽貨物×普通乗用,軽傷事故,車両相互,米子署,133.384442,35.39516026
全事故,鳥取市元町,2015/4/1,軽乗用×自転車,軽傷事故,車両相互,鳥取署,134.2292988,35.49877795
全事故,東伯郡三朝町山田,2015/4/1,軽乗用×歩行者,軽傷事故,人対車両,倉吉署,133.8880241,35.4127529
全事故,西伯郡大山町所子,2015/4/1,普通乗用×歩行者,重傷事故,人対車両,八橋署,133.4629927,35.48004735
全事故,米子市車尾南二丁目,2015/4/1,軽乗用×軽乗用,軽傷事故,車両相互,米子署,133.3609061,35.42807814
全事故,鳥取市千代水２丁目,2015/3/31,軽乗用×普通乗用,軽傷事故,車両相互,鳥取署,134.2006,35.51672816
全事故,鳥取市嶋,2015/3/31,普通貨物×自転車,軽傷事故,車両相互,鳥取署,134.1915419,35.49390651
全事故,東伯郡琴浦町大字八橋,2015/3/31,軽乗用×軽乗用,軽傷事故,車両相互,八橋署,133.681284,35.50379868
全事故,東伯郡琴浦町大字浦安,2015/3/31,軽乗用×自転車,軽傷事故,車両相互,八橋署,133.699043,35.4857806
全事故,鳥取市南隈,2015/3/29,軽乗用×普通乗用×普通乗用,軽傷事故,車両相互,鳥取署,134.2003132,35.52118221
全事故,米子市蚊屋,2015/3/29,軽貨物×軽乗用,軽傷事故,車両相互,米子署,133.3863537,35.42361461
全事故,鳥取市徳尾,2015/4/3,軽貨物×普通貨物,軽傷事故,車両相互,鳥取署,134.2023586,35.49852801
全事故,鳥取市安長,2015/4/4,軽乗用×軽乗用,軽傷事故,車両相互,鳥取署,134.2026916,35.51328377
全事故,鳥取市吉方町2丁目,2015/4/11,軽乗用×軽貨物,軽傷事故,車両相互,鳥取署,134.2385843,35.49211872
全事故,鳥取市古海,2015/4/11,軽乗用×軽乗用,軽傷事故,車両相互,鳥取署,134.2041155,35.49814063
全事故,米子市義方町,2015/4/11,普通乗用×軽乗用,軽傷事故,車両相互,米子署,133.3250967,35.43876798
全事故,鳥取市南吉方3丁目,2015/4/10,普通乗用×自転車,軽傷事故,車両相互,鳥取署,134.244442,35.48637372
全事故,米子市車尾二丁目,2015/4/10,普通乗用×普通乗用,軽傷事故,車両相互,米子署,133.3622172,35.43318392
全事故,米子市八幡,2015/4/10,普通乗用×軽乗用,軽傷事故,車両相互,米子署,133.3788424,35.39816521
全事故,米子市糀町一丁目,2015/4/10,軽乗用×普通乗用×普通乗用,軽傷事故,車両相互,米子署,133.339451,35.42858441
全事故,境港市小篠津町,2015/4/10,軽乗用×軽乗用×軽乗用,軽傷事故,車両相互,境港署,133.2362958,35.50550884
全事故,鳥取市雲山,2015/4/8,軽乗用×歩行者,重傷事故,人対車両,鳥取署,134.2394586,35.47996371
全事故,鳥取市田島,2015/4/8,普通乗用×普通乗用,軽傷事故,車両相互,鳥取署,134.2162133,35.51157839
全事故,鳥取市気高町下坂本,2015/4/8,普通乗用×歩行者,死亡事故,人対車両,浜村署,134.0690075,35.49453225
全事故,鳥取市立川町６丁目,2015/4/9,軽乗用×軽乗用,軽傷事故,車両相互,鳥取署,134.2491406,35.48772501
全事故,西伯郡南部町天萬,2015/4/9,普通乗用×普通乗用×軽貨物,軽傷事故,車両相互,米子署,133.3630378,35.37413407
全事故,鳥取市吉方温泉4丁目,2015/4/16,普通乗用×普通乗用,軽傷事故,車両相互,鳥取署,134.2393086,35.48757457
全事故,鳥取市卯垣,2015/4/12,軽貨物×歩行者,軽傷事故,人対車両,鳥取署,134.2534075,35.48724387
全事故,米子市両三柳,2015/4/12,普通乗用×軽乗用,軽傷事故,車両相互,米子署,133.3177684,35.46188655
全事故,鳥取市西品治,2015/2/19,普通乗用×軽乗用,軽傷事故,車両相互,鳥取署,134.2162932,35.50861332
全事故,鳥取市気高町下坂本,2015/4/21,軽乗用×軽貨物,重傷事故,車両相互,浜村署,134.0754354,35.50340158
全事故,東伯郡北栄町原,2015/4/21,普通乗用×自転車,軽傷事故,車両相互,倉吉署,133.7787719,35.47838299
全事故,西伯郡南部町阿賀,2015/4/21,普通乗用×普通乗用,軽傷事故,車両相互,米子署,133.3317289,35.36220491
全事故,鳥取市青谷町井手,2015/4/24,普通乗用×物件等,死亡事故,車両単独,浜村署,133.9834415,35.52177211
全事故,米子市錦町二丁目,2015/4/24,軽乗用×歩行者,重傷事故,人対車両,米子署,133.3288755,35.43725149
全事故,倉吉市昭和町2丁目,2015/4/6,普通乗用×軽乗用×軽乗用,軽傷事故,車両相互,倉吉署,133.8374043,35.43563542
全事故,米子市米原三丁目,2015/4/6,軽乗用×普通乗用,軽傷事故,車両相互,米子署,133.3274961,35.44656638
全事故,倉吉市明治町,2015/4/7,普通乗用×自転車,軽傷事故,車両相互,倉吉署,133.8240541,35.43322303
全事故,東伯郡湯梨浜町大字園,2015/4/15,普通乗用×普通乗用,軽傷事故,車両相互,倉吉署,133.9264566,35.50574557
全事故,倉吉市上井,2015/4/14,軽貨物×普通乗用,軽傷事故,車両相互,倉吉署,133.8562855,35.4529207
全事故,米子市錦町三丁目,2015/4/14,軽乗用×自転車,軽傷事故,車両相互,米子署,133.3277252,35.44081666
全事故,東伯郡北栄町田井,2015/4/22,軽乗用×軽乗用,軽傷事故,車両相互,倉吉署,133.8161031,35.49865808
全事故,東伯郡湯梨浜町大字上浅津,2015/2/26,軽貨物×普通貨物,重傷事故,車両相互,倉吉署,133.8793098,35.48306806
全事故,西伯郡大山町御来屋,2015/4/29,軽乗用×軽乗用,重傷事故,車両相互,八橋署,133.4879669,35.50591001
全事故,西伯郡日吉津村日吉津,2015/4/5,軽乗用×軽乗用,軽傷事故,車両相互,米子署,133.3797524,35.4461158
全事故,米子市富益町,2015/4/5,普通乗用×普通乗用×普通乗用,軽傷事故,車両相互,米子署,133.2873012,35.47991565
全事故,境港市米川町,2015/4/5,普通乗用×歩行者,重傷事故,人対車両,境港署,133.2200482,35.53930082
全事故,西伯郡南部町上中谷,2015/4/17,普通乗用×軽乗用,軽傷事故,車両相互,米子署,133.3495144,35.27319404
全事故,米子市大谷町,2015/4/13,軽乗用×大型乗用,重傷事故,車両相互,米子署,133.3346044,35.41810362
全事故,米子市淀江町西原,2015/4/25,軽貨物×普通乗用,重傷事故,車両相互,米子署,133.4133338,35.45261565
全事故,米子市上後藤一丁目,2015/4/25,普通乗用×歩行者,軽傷事故,人対車両,米子署,133.320199,35.44392729
全事故,米子市冨士見町二丁目,2015/4/26,普通乗用×普通乗用×普通乗用,重傷事故,車両相互,米子署,133.3344947,35.43263842
全事故,境港市佐斐神町,2015/4/2,普通乗用×軽乗用×軽乗用,軽傷事故,車両相互,境港署,133.2568248,35.50511959
死亡事故,鳥取市青谷町井手,2015/4/24,普通乗用×物件等,死亡事故,車両単独,浜村署,133.9834415,35.52177211
死亡事故,鳥取市気高町下坂本,2015/4/8,普通乗用×歩行者,死亡事故,人対車両,浜村署,134.0690075,35.49453225
自転車事故,鳥取市湯所町2丁目,2015/3/4,普通乗用×自転車,軽傷事故,車両相互,鳥取署,134.2293839,35.51086907
自転車事故,鳥取市湖山町西１丁目,2015/3/8,軽乗用×自転車,軽傷事故,車両相互,鳥取署,134.1707582,35.52297714
自転車事故,鳥取市職人町,2015/3/3,普通乗用×自転車,重傷事故,車両相互,鳥取署,134.2337064,35.49916947
自転車事故,鳥取市富安1丁目,2015/3/14,軽乗用×自転車,軽傷事故,車両相互,鳥取署,134.2258264,35.49045425
自転車事故,鳥取市千代水4丁目,2015/3/13,軽乗用×自転車,軽傷事故,車両相互,鳥取署,134.1924119,35.51701642
自転車事故,東伯郡北栄町西園,2015/2/23,普通乗用×自転車,重傷事故,車両相互,倉吉署,133.7661368,35.48982148
自転車事故,倉吉市上余戸,2015/3/27,普通乗用×自転車,死亡事故,車両相互,倉吉署,133.8532615,35.43352846
自転車事故,米子市旗ヶ崎二丁目,2014/12/10,普通乗用×自転車,重傷事故,車両相互,米子署,133.3188749,35.4352725
自転車事故,米子市明治町,2015/3/16,軽乗用×自転車,軽傷事故,車両相互,米子署,133.3340713,35.42448546
自転車事故,米子市道笑町4丁目,2015/3/25,普通乗用×自転車,軽傷事故,車両相互,米子署,133.3462758,35.42359091
自転車事故,境港市湊町,2015/2/6,自転車×歩行者,軽傷事故,人対車両,境港署,133.2301242,35.53993432
自転車事故,境港市竹内町,2015/2/27,普通乗用×自転車,軽傷事故,車両相互,境港署,133.2365592,35.52214997
歩行者事故,鳥取市湖山町東4丁目,2014/12/25,軽乗用×歩行者,重傷事故,人対車両,鳥取署,134.191967,35.5161354
歩行者事故,鳥取市湖山町南5丁目,2015/2/3,軽乗用×歩行者,軽傷事故,人対車両,鳥取署,134.1689716,35.51967808
歩行者事故,岩美郡岩美町浦富,2015/3/7,軽乗用×歩行者,軽傷事故,人対車両,鳥取署,134.3331517,35.57364577
歩行者事故,鳥取市富安1丁目,2015/3/23,普通乗用×歩行者×歩行者,軽傷事故,人対車両,鳥取署,134.2263718,35.48949577
歩行者事故,鳥取市湖山町東2丁目,2015/2/24,軽乗用×歩行者,重傷事故,人対車両,鳥取署,134.1862644,35.51728378
歩行者事故,米子市西町,2015/2/15,軽乗用×歩行者,軽傷事故,人対車両,米子署,133.3269023,35.42878781
歩行者事故,米子市角盤町二丁目,2014/11/30,普通貨物×歩行者,重傷事故,人対車両,米子署,133.3320927,35.43312374
歩行者事故,米子市上後藤六丁目,2014/12/10,軽乗用×歩行者,重傷事故,人対車両,米子署,133.3111748,35.44786329
歩行者事故,米子市東福原六丁目,2015/2/28,軽乗用×歩行者,軽傷事故,人対車両,米子署,133.3477885,35.44611798
歩行者事故,米子市西福原五丁目,2015/3/30,普通乗用×歩行者,軽傷事故,人対車両,米子署,133.3423217,35.44416387
歩行者事故,境港市湊町,2015/2/6,自転車×歩行者,軽傷事故,人対車両,境港署,133.2301242,35.53993432
歩行者事故,境港市日ノ出町,2015/3/7,普通乗用×軽貨物×歩行者,重傷事故,車両相互,境港署,133.2306115,35.54441962
歩行者事故,境港市明治町,2015/3/24,普通乗用×歩行者,重傷事故,人対車両,境港署,133.2271413,35.54349136
全事故,鳥取市気高町八束水,2014/5/20,普通乗用×軽乗用,軽傷事故,車両相互,浜村署,134.027968,35.51831137
全事故,米子市観音寺新町三丁目,2014/11/11,普通乗用×普通乗用,軽傷事故,車両相互,米子署,133.3601761,35.42659782
全事故,米子市彦名町,2014/12/8,普通乗用×普通乗用,重傷事故,車両相互,米子署,133.2945478,35.44517346
全事故,米子市上福原,2015/2/3,普通乗用×自転車,軽傷事故,車両相互,米子署,133.3611667,35.44063212
全事故,米子市淀江町佐陀,2015/2/19,普通乗用×普通乗用×軽乗用,重傷事故,車両相互,米子署,133.3915172,35.44412283
全事故,東伯郡湯梨浜町大字石脇,2015/3/9,普通貨物×物件等,軽傷事故,車両単独,倉吉署,133.9562085,35.51119531
全事故,鳥取市江津,2015/3/10,普通乗用×普通乗用,軽傷事故,車両相互,鳥取署,134.2113842,35.5206512
全事故,米子市祇園町二丁目,2015/3/20,軽乗用×普通乗用,軽傷事故,車両相互,米子署,133.3249689,35.41813507
全事故,米子市二本木,2015/3/29,普通乗用×軽乗用,軽傷事故,車両相互,米子署,133.3880998,35.43580991
全事故,米子市加茂町二丁目,2015/3/29,軽乗用×普通乗用,軽傷事故,車両相互,米子署,133.32939,35.4275255
全事故,東伯郡琴浦町大字逢束,2015/3/31,普通乗用×物件等,重傷事故,車両単独,八橋署,133.6983378,35.50210226
全事故,米子市日ノ出町一丁目,2015/3/31,軽乗用×普通乗用,重傷事故,車両相互,米子署,133.3396074,35.43772231
全事故,日野郡日南町下石見,2015/3/31,大型貨物×軽乗用,軽傷事故,車両相互,黒坂署,133.3165156,35.14558052
全事故,米子市末広町,2015/4/2,普通乗用×軽貨物,軽傷事故,車両相互,米子署,133.3347503,35.42252296
全事故,鳥取市宮長,2015/4/3,軽乗用×自転車,重傷事故,車両相互,鳥取署,134.225247,35.47511097
全事故,米子市両三柳,2015/4/6,自動二輪×普通乗用,重傷事故,車両相互,米子署,133.3186024,35.45133694
全事故,鳥取市叶,2015/4/8,軽乗用×歩行者,重傷事故,人対車両,鳥取署,134.2177288,35.47780199
全事故,鳥取市戎町,2015/4/8,普通乗用×歩行者,重傷事故,人対車両,鳥取署,134.2313817,35.49789967
全事故,米子市両三柳,2015/4/9,普通乗用×自転車,軽傷事故,車両相互,米子署,133.3236141,35.44848188
全事故,鳥取市永楽温泉町,2015/4/13,軽乗用×自転車,軽傷事故,車両相互,鳥取署,134.2300475,35.49403238
全事故,倉吉市堺町2丁目,2015/4/14,自転車×普通貨物,軽傷事故,車両相互,倉吉署,133.8266526,35.43314778
全事故,米子市淀江町中間,2015/4/16,普通乗用×軽乗用×普通乗用,軽傷事故,車両相互,米子署,133.4026309,35.44782015
全事故,鳥取市西品治,2015/4/21,普通乗用×軽乗用×普通乗用,軽傷事故,車両相互,鳥取署,134.2209329,35.50927225
全事故,鳥取市湖山町北４丁目,2015/4/22,軽貨物×軽乗用,軽傷事故,車両相互,鳥取署,134.1745162,35.52413104
全事故,米子市大篠津,2015/4/22,軽貨物×普通乗用,軽傷事故,車両相互,米子署,133.2662295,35.49509403
全事故,鳥取市緑ヶ丘１丁目,2015/4/23,普通貨物×軽乗用,軽傷事故,車両相互,鳥取署,134.2138671,35.50004128
全事故,鳥取市気高町浜村,2015/4/23,普通乗用×普通乗用,軽傷事故,車両相互,浜村署,134.0555242,35.5183618
全事故,米子市彦名町,2015/4/23,軽乗用×自転車,軽傷事故,車両相互,米子署,133.2966537,35.44480434
全事故,鳥取市南隈,2015/4/24,軽乗用×軽乗用,軽傷事故,車両相互,鳥取署,134.1993656,35.51965538
全事故,東伯郡湯梨浜町長和田,2015/4/24,中型乗用×軽乗用,軽傷事故,車両相互,倉吉署,133.8768121,35.4606733
全事故,米子市西福原2丁目,2015/4/24,軽乗用×軽貨物,軽傷事故,車両相互,米子署,133.3392502,35.4402183
全事故,鳥取市気高町八束水,2015/4/25,軽乗用×軽乗用×普通乗用,軽傷事故,車両相互,浜村署,134.0295678,35.5181328
全事故,米子市西福原８丁目,2015/4/26,軽乗用×軽乗用,軽傷事故,車両相互,米子署,133.341404,35.45517171
全事故,境港市清水町,2015/4/26,軽乗用×歩行者,重傷事故,人対車両,境港署,133.2195854,35.53975305
全事故,倉吉市上井,2015/4/28,普通乗用×軽貨物,重傷事故,車両相互,倉吉署,133.8448615,35.45305739
全事故,米子市両三柳,2015/4/28,軽貨物×歩行者,軽傷事故,人対車両,米子署,133.321452,35.44969
全事故,倉吉市山根,2015/4/29,自転車×軽乗用,軽傷事故,車両相互,倉吉署,133.8476656,35.44940788
全事故,米子市東福原二丁目,2015/4/29,普通乗用×自転車,軽傷事故,車両相互,米子署,133.342017,35.43937437
全事故,西伯郡日吉津村日吉津,2015/4/29,普通乗用×軽乗用×普通乗用,軽傷事故,車両相互,米子署,133.3879681,35.4522617
全事故,境港市相生町,2015/4/29,自転車×相手なし,軽傷事故,車両単独,境港署,133.2318238,35.54776738
全事故,倉吉市西倉吉町,2015/4/30,軽乗用×軽乗用×軽乗用,軽傷事故,車両相互,倉吉署,133.8084573,35.42943059
全事故,東伯郡北栄町東園,2015/4/30,軽乗用×軽乗用,軽傷事故,車両相互,倉吉署,133.7853546,35.48707279
全事故,倉吉市山根,2015/4/30,軽乗用×普通乗用,軽傷事故,車両相互,倉吉署,133.8494153,35.44943637
全事故,米子市両三柳,2015/4/30,普通乗用×軽乗用×軽貨物,重傷事故,車両相互,米子署,133.3148088,35.45359348
全事故,鳥取市栄町,2015/5/1,普通乗用×自転車,軽傷事故,車両相互,鳥取署,134.2295809,35.49748785
全事故,倉吉市堺町3丁目,2015/5/1,軽乗用×普通乗用,重傷事故,車両相互,倉吉署,133.8252881,35.43476454
全事故,境港市渡町,2015/5/1,軽乗用×軽乗用,軽傷事故,車両相互,境港署,133.2148817,35.51869364
全事故,八頭郡智頭町山根,2015/5/2,普通乗用×普通乗用,軽傷事故,車両相互,智頭署,134.2295567,35.25463421
全事故,東伯郡三朝町大字木地山,2015/5/3,軽乗用×大型貨物,死亡事故,車両相互,倉吉署,133.9005356,35.3156986
全事故,境港市三軒屋町,2015/5/3,普通乗用×軽乗用,軽傷事故,車両相互,境港署,133.2322401,35.50608676
全事故,境港市中野町,2015/5/3,軽乗用×軽乗用,軽傷事故,車両相互,境港署,133.2383701,35.53262826
全事故,岩美郡岩美町大字洗井,2015/5/5,軽乗用×相手なし,重傷事故,車両単独,鳥取署,134.3968393,35.51471937
全事故,東伯郡北栄町西園,2015/5/5,軽乗用×軽乗用×普通乗用,重傷事故,車両相互,倉吉署,133.7712725,35.49876429
全事故,米子市観音寺,2015/5/6,普通乗用×軽乗用,軽傷事故,車両相互,高速隊,133.3663165,35.41806198
全事故,日野郡江府町大字佐川,2015/5/7,軽乗用×軽貨物,軽傷事故,車両相互,黒坂署,133.4713505,35.30023815
全事故,鳥取市正蓮寺,2015/5/8,軽乗用×軽乗用,軽傷事故,車両相互,鳥取署,134.2457269,35.47256994
全事故,鳥取市安長,2015/5/8,軽乗用×軽貨物×軽乗用,軽傷事故,車両相互,鳥取署,134.209025,35.5126111
全事故,倉吉市河原町,2015/5/8,軽乗用×軽貨物,軽傷事故,車両相互,倉吉署,133.8106566,35.43018818
全事故,鳥取市桂木,2015/5/9,普通乗用×物件等,重傷事故,車両単独,鳥取署,134.249441,35.45782211
全事故,米子市祇園町２丁目,2015/5/9,普通乗用×歩行者,軽傷事故,人対車両,米子署,133.3249837,35.41790897
全事故,米子市流通町,2015/5/10,軽貨物×歩行者,死亡事故,人対車両,米子署,133.3969457,35.43278311
全事故,鳥取市湖山町東１丁目,2015/5/11,軽乗用×普通乗用,軽傷事故,車両相互,鳥取署,134.1835753,35.5176726
全事故,八頭郡八頭町郡家,2015/5/11,軽乗用×普通乗用,軽傷事故,車両相互,郡家署,134.254703,35.41250193
全事故,米子市陰田町,2015/5/11,軽乗用×自転車,重傷事故,車両相互,米子署,133.33166,35.41371081
全事故,境港市美保町,2015/5/11,軽乗用×軽乗用×軽乗用,軽傷事故,車両相互,境港署,133.2443437,35.51908559
全事故,米子市河崎,2015/5/12,軽乗用×普通乗用×普通乗用,軽傷事故,車両相互,米子署,133.3111403,35.46413793
全事故,境港市花町,2015/5/13,普通乗用×物件等×道路上の歩行者以外の人,軽傷事故,車両単独,境港署,133.2405818,35.54763681
全事故,鳥取市商栄町,2015/5/14,普通乗用×普通乗用,軽傷事故,車両相互,鳥取署,134.2083101,35.51272071
全事故,鳥取市南栄町,2015/5/14,普通乗用×軽貨物,軽傷事故,車両相互,鳥取署,134.2430477,35.45783488
全事故,鳥取市里仁,2015/5/14,軽乗用×自転車,軽傷事故,車両相互,鳥取署,134.1895071,35.50684825
全事故,米子市淀江町淀江,2015/5/14,普通乗用×歩行者,軽傷事故,人対車両,米子署,133.4276459,35.45566277
全事故,鳥取市掛出町,2015/5/15,普通乗用×軽貨物,軽傷事故,車両相互,鳥取署,134.2382866,35.50072346
全事故,倉吉市西倉吉町,2015/5/16,軽貨物×普通乗用,軽傷事故,車両相互,倉吉署,133.8080411,35.42927037
全事故,倉吉市山根,2015/5/16,軽乗用×軽乗用,軽傷事故,車両相互,倉吉署,133.8493392,35.45134982
全事故,米子市西福原八丁目,2015/5/16,軽乗用×軽貨物×軽乗用,軽傷事故,車両相互,米子署,133.3414861,35.45516658
全事故,米子市西福原六丁目,2015/5/16,普通乗用×普通乗用,軽傷事故,車両相互,米子署,133.3421919,35.44902354
全事故,東伯郡湯梨浜町はわい長瀬,2015/5/17,普通乗用×軽乗用,軽傷事故,車両相互,倉吉署,133.863913,35.49020509
全事故,西伯郡大山町安原,2015/5/17,軽乗用×軽乗用,軽傷事故,車両相互,八橋署,133.4386268,35.4609349
全事故,米子市西福原,2015/5/17,軽貨物×普通乗用,軽傷事故,車両相互,米子署,133.339912,35.43764756
全事故,鳥取市南隈,2015/5/18,軽乗用×自転車,軽傷事故,車両相互,鳥取署,134.2002459,35.52182952
全事故,鳥取市富安１丁目,2015/5/19,普通乗用×普通乗用,軽傷事故,車両相互,鳥取署,134.2245145,35.49101312
全事故,鳥取市天神町,2015/5/19,軽乗用×自転車,軽傷事故,車両相互,鳥取署,134.2228174,35.49267153
全事故,鳥取市南隈,2015/5/20,普通乗用×軽乗用,軽傷事故,車両相互,鳥取署,134.2078932,35.519764
全事故,鳥取市気高町八束水,2015/5/20,普通貨物×普通乗用×普通乗用,軽傷事故,車両相互,浜村署,134.028489,35.51826966
全事故,西伯郡日吉津村大字富吉,2015/5/20,軽乗用×軽乗用,軽傷事故,車両相互,米子署,133.3790113,35.4462726
全事故,鳥取市用瀬町鷹狩,2015/5/21,軽乗用×軽乗用,軽傷事故,車両相互,智頭署,134.2055026,35.35384993
全事故,鳥取市気高町北浜2丁目,2015/5/21,大型貨物×大型貨物,軽傷事故,車両相互,浜村署,134.0455433,35.51786228
全事故,米子市西福原六丁目,2015/5/21,軽乗用×自転車,軽傷事故,車両相互,米子署,133.3431043,35.44877753
全事故,鳥取市湖山町西４丁目,2015/5/22,普通乗用×軽貨物,軽傷事故,車両相互,鳥取署,134.1736261,35.52397922
全事故,倉吉市東昭和町,2015/5/23,普通乗用×軽乗用,軽傷事故,車両相互,倉吉署,133.8413817,35.43750815
全事故,西伯郡伯耆町宮原,2015/5/24,普通乗用×普通乗用,軽傷事故,車両相互,高速隊,133.4469219,35.33231054
全事故,倉吉市下田中,2015/5/29,普通乗用×普通乗用,軽傷事故,車両相互,倉吉署,133.8427796,35.43288454
死亡事故,東伯郡三朝町大字木地山,2015/5/3,軽乗用×大型貨物,死亡事故,車両相互,倉吉署,133.9005356,35.3156986
死亡事故,米子市流通町,2015/5/10,軽貨物×歩行者,死亡事故,人対車両,米子署,133.3969457,35.43278311
自転車事故,倉吉市山根,2015/4/29,自転車×軽乗用,軽傷事故,車両相互,倉吉署,133.8476656,35.44940788
自転車事故,倉吉市堺町2丁目,2015/4/14,自転車×普通貨物,軽傷事故,車両相互,倉吉署,133.8266526,35.43314778
自転車事故,境港市相生町,2015/4/29,自転車×相手なし,軽傷事故,車両単独,境港署,133.2318238,35.54776738
自転車事故,鳥取市宮長,2015/4/3,軽乗用×自転車,重傷事故,車両相互,鳥取署,134.225247,35.47511097
自転車事故,鳥取市永楽温泉町,2015/4/13,軽乗用×自転車,軽傷事故,車両相互,鳥取署,134.2300475,35.49403238
自転車事故,鳥取市栄町,2015/5/1,普通乗用×自転車,軽傷事故,車両相互,鳥取署,134.2295809,35.49748785
自転車事故,鳥取市南隈,2015/5/18,軽乗用×自転車,軽傷事故,車両相互,鳥取署,134.2002459,35.52182952
自転車事故,鳥取市天神町,2015/5/19,軽乗用×自転車,軽傷事故,車両相互,鳥取署,134.2228174,35.49267153
自転車事故,鳥取市里仁,2015/5/14,軽乗用×自転車,軽傷事故,車両相互,鳥取署,134.1895071,35.50684825
自転車事故,米子市東福原二丁目,2015/4/29,普通乗用×自転車,軽傷事故,車両相互,米子署,133.342017,35.43937437
自転車事故,米子市上福原,2015/2/3,普通乗用×自転車,軽傷事故,車両相互,米子署,133.3611667,35.44063212
自転車事故,米子市両三柳,2015/4/9,普通乗用×自転車,軽傷事故,車両相互,米子署,133.3236141,35.44848188
自転車事故,米子市彦名町,2015/4/23,軽乗用×自転車,軽傷事故,車両相互,米子署,133.2966537,35.44480434
自転車事故,米子市西福原六丁目,2015/5/21,軽乗用×自転車,軽傷事故,車両相互,米子署,133.3431043,35.44877753
自転車事故,米子市陰田町,2015/5/11,軽乗用×自転車,重傷事故,車両相互,米子署,133.33166,35.41371081
歩行者事故,鳥取市叶,2015/4/8,軽乗用×歩行者,重傷事故,人対車両,鳥取署,134.2177288,35.47780199
歩行者事故,鳥取市戎町,2015/4/8,普通乗用×歩行者,重傷事故,人対車両,鳥取署,134.2313817,35.49789967
歩行者事故,米子市流通町,2015/5/10,軽貨物×歩行者,死亡事故,人対車両,米子署,133.3969457,35.43278311
歩行者事故,米子市淀江町淀江,2015/5/14,普通乗用×歩行者,軽傷事故,人対車両,米子署,133.4276459,35.45566277
歩行者事故,米子市両三柳,2015/4/28,軽貨物×歩行者,軽傷事故,人対車両,米子署,133.321452,35.44969
歩行者事故,米子市祇園町２丁目,2015/5/9,普通乗用×歩行者,軽傷事故,人対車両,米子署,133.3249837,35.41790897
歩行者事故,境港市清水町,2015/4/26,軽乗用×歩行者,重傷事故,人対車両,境港署,133.2195854,35.53975305
全事故,鳥取市古海,2015/3/28,普通乗用×軽乗用,軽傷事故,車両相互,鳥取署,134.2044927,35.49558135
全事故,鳥取市富安2丁目,2015/4/21,軽貨物×軽乗用×軽乗用×軽乗用,軽傷事故,車両相互,鳥取署,134.2290329,35.4892456
全事故,鳥取市安長,2015/4/23,普通乗用×普通貨物,軽傷事故,車両相互,鳥取署,134.2066004,35.51292322
全事故,鳥取市用瀬町安蔵,2015/4/25,普通乗用×物件等,軽傷事故,車両単独,智頭署,134.1931124,35.31542895
全事故,倉吉市宮川町二丁目,2015/5/3,軽乗用×軽乗用,軽傷事故,車両相互,倉吉署,133.8317365,35.43354191
全事故,米子市上福原二丁目,2015/5/3,普通乗用×軽乗用,軽傷事故,車両相互,米子署,133.3598463,35.4427673
全事故,西伯郡伯耆町久古,2015/5/6,普通乗用×特殊車,重傷事故,車両相互,黒坂署,133.4324999,35.3858976
全事故,鳥取市五反田町,2015/5/13,普通貨物×自転車,軽傷事故,車両相互,鳥取署,134.2009475,35.50979934
全事故,鳥取市気高町八幡,2015/5/13,自転車×相手なし,重傷事故,車両単独,浜村署,134.0404894,35.50964967
全事故,西伯郡大山町平木,2015/5/13,軽貨物×軽貨物,軽傷事故,車両相互,八橋署,133.472206,35.47465
全事故,米子市東山町,2015/5/14,軽乗用×軽乗用,軽傷事故,車両相互,米子署,133.3513275,35.42995705
全事故,境港市新屋町,2015/5/16,普通貨物×普通乗用×普通乗用,軽傷事故,車両相互,境港署,133.2498868,35.51491141
全事故,鳥取市祢宜谷,2015/5/17,軽乗用×自転車,軽傷事故,車両相互,鳥取署,134.2566604,35.43630829
全事故,米子市両三柳,2015/5/17,対象外当事者×歩行者,軽傷事故,人対車両,米子署,133.3235049,35.46102602
全事故,境港市新屋町,2015/5/18,軽乗用×軽乗用,重傷事故,車両相互,境港署,133.2329399,35.5116793
全事故,鳥取市立川町５丁目,2015/5/19,軽乗用×自転車,重傷事故,車両相互,鳥取署,134.2499506,35.48911291
全事故,西伯郡伯耆町溝口,2015/5/20,軽貨物×軽乗用,軽傷事故,車両相互,黒坂署,133.4369894,35.34447932
全事故,鳥取市徳尾,2015/5/22,普通乗用×歩行者,重傷事故,人対車両,鳥取署,134.1985699,35.5020858
全事故,米子市大篠津町,2015/5/22,軽乗用×軽貨物,軽傷事故,車両相互,米子署,133.2661062,35.49518435
全事故,西伯郡伯耆町清原,2015/5/24,普通乗用×普通乗用,軽傷事故,車両相互,高速隊,133.4512702,35.36487216
全事故,米子市富益町,2015/5/24,軽乗用×普通乗用,軽傷事故,車両相互,米子署,133.2908846,35.47840993
全事故,八頭郡八頭町宮谷,2015/5/29,自転車×軽乗用,重傷事故,車両相互,郡家署,134.2565576,35.41707646
全事故,倉吉市下福田,2015/5/29,普通乗用×軽貨物,軽傷事故,車両相互,倉吉署,133.7628622,35.4303535
全事故,東伯郡湯梨浜町田後,2015/5/29,普通乗用×自転車,軽傷事故,車両相互,倉吉署,133.8543336,35.4824842
全事故,鳥取市上味野,2015/5/30,軽乗用×普通乗用,軽傷事故,車両相互,高速隊,134.1937361,35.45711831
全事故,鳥取市吉方温泉３丁目,2015/5/30,普通乗用×軽乗用,軽傷事故,車両相互,鳥取署,134.2325224,35.49217339
全事故,鳥取市大杙,2015/5/30,軽乗用×自転車,重傷事故,車両相互,鳥取署,134.2447976,35.48614969
全事故,米子市兼久,2015/5/30,普通乗用×軽乗用,軽傷事故,車両相互,米子署,133.3616636,35.40908396
全事故,米子市夜見町,2015/5/30,普通乗用×軽乗用,軽傷事故,車両相互,米子署,133.3060218,35.47047137
全事故,八頭郡智頭町大字中原,2015/6/19,大型貨物×大型貨物,軽傷事故,車両相互,高速隊,134.2887652,35.23665073
全事故,米子市角盤町二丁目,2015/6/19,普通乗用×軽乗用,軽傷事故,車両相互,米子署,133.3328773,35.43233902
全事故,東伯郡琴浦町大字三保,2015/6/11,普通乗用×物件等,重傷事故,車両単独,高速隊,133.688052,35.48506191
全事故,鳥取市栄町,2014/9/10,普通乗用×自転車,重傷事故,車両相互,鳥取署,134.2292686,35.497019
全事故,鳥取市千代水2丁目,2015/5/27,普通乗用×軽乗用,軽傷事故,車両相互,鳥取署,134.1995394,35.51367995
全事故,倉吉市西倉吉町,2015/5/27,軽貨物×軽乗用,軽傷事故,車両相互,倉吉署,133.805323,35.42869859
全事故,東伯郡琴浦町八幡,2015/5/27,軽貨物×歩行者,重傷事故,人対車両,八橋署,133.626808,35.51077863
全事故,米子市西福原六丁目,2015/5/27,普通乗用×軽乗用,軽傷事故,車両相互,米子署,133.3385636,35.4501333
全事故,米子市両三柳,2015/5/27,軽乗用×自転車,軽傷事故,車両相互,米子署,133.3227989,35.44682203
全事故,西伯郡日吉津村大字日吉津,2015/5/27,軽貨物×軽乗用,軽傷事故,車両相互,米子署,133.382865,35.44604501
全事故,西伯郡伯耆町溝口,2015/5/27,軽乗用×普通乗用,軽傷事故,車両相互,黒坂署,133.4326061,35.35072335
全事故,岩美郡岩美町大字牧谷,2015/6/3,軽乗用×軽乗用,軽傷事故,車両相互,鳥取署,134.3329038,35.59071745
全事故,東伯郡北栄町江北,2015/6/3,普通乗用×普通乗用,軽傷事故,車両相互,倉吉署,133.8333731,35.48205637
全事故,東伯郡北栄町田井,2015/6/3,軽乗用×軽乗用,軽傷事故,車両相互,倉吉署,133.8222875,35.4817637
全事故,鳥取市立川町6丁目,2015/6/2,軽乗用×自転車,軽傷事故,車両相互,鳥取署,134.2500466,35.48823925
全事故,鳥取市伏野,2015/6/2,普通貨物×普通乗用,軽傷事故,車両相互,鳥取署,134.1397288,35.52717788
全事故,米子市陰田町,2015/6/2,中型貨物×普通乗用×軽貨物×普通乗用×普通乗用×中型貨物,軽傷事故,車両相互,米子署,133.3236034,35.41093108
全事故,鳥取市片原４丁目,2015/6/8,軽貨物×自転車,軽傷事故,車両相互,鳥取署,134.2297023,35.5041512
全事故,鳥取市伏野,2015/6/8,中型貨物×普通貨物×普通乗用×普通貨物,軽傷事故,車両相互,鳥取署,134.1382271,35.52673792
全事故,米子市目久美町,2015/6/8,軽乗用×普通乗用,軽傷事故,車両相互,米子署,133.3377743,35.41865925
全事故,鳥取市古海,2015/6/13,軽乗用×自転車,軽傷事故,車両相互,鳥取署,134.2037457,35.49126273
全事故,鳥取市秋里,2015/6/13,自動二輪×普通乗用,軽傷事故,車両相互,鳥取署,134.2120582,35.51991637
全事故,鳥取市吉成,2015/6/13,普通乗用×歩行者,軽傷事故,人対車両,鳥取署,134.22722,35.48214359
全事故,東伯郡湯梨浜町大字門田,2015/6/13,普通乗用×軽乗用,軽傷事故,車両相互,倉吉署,133.8722395,35.45885816
全事故,東伯郡北栄町田井,2015/6/13,普通乗用×軽乗用,軽傷事故,車両相互,倉吉署,133.8217272,35.4797916
全事故,鳥取市桜谷,2015/6/9,軽乗用×普通乗用,軽傷事故,車両相互,鳥取署,134.254656,35.47296531
全事故,鳥取市南吉方3丁目,2015/6/9,普通乗用×歩行者,軽傷事故,人対車両,鳥取署,134.2404654,35.4872817
全事故,倉吉市横田,2015/6/9,軽貨物×軽貨物,軽傷事故,車両相互,倉吉署,133.7817981,35.41892203
全事故,倉吉市下米積,2015/6/9,普通乗用×普通乗用,軽傷事故,車両相互,倉吉署,133.7716585,35.42122661
全事故,米子市上福原,2015/6/9,軽乗用×軽乗用,軽傷事故,車両相互,米子署,133.3614351,35.44078585
全事故,境港市渡町,2015/6/9,対象外当事者×軽貨物,軽傷事故,車両相互,境港署,133.2133354,35.52256844
全事故,鳥取市覚寺,2015/6/17,普通乗用×軽乗用,軽傷事故,車両相互,鳥取署,134.2389976,35.52405649
全事故,米子市二本木,2015/6/17,軽乗用×普通乗用,軽傷事故,車両相互,米子署,133.390359,35.44181049
全事故,鳥取市千代水３丁目,2015/6/20,普通乗用×自転車,軽傷事故,車両相互,鳥取署,134.2024989,35.5191236
全事故,米子市錦町1丁目76　先路上,2015/6/20,軽乗用×普通乗用,軽傷事故,車両相互,米子署,133.3334501,35.43361815
全事故,鳥取市安長,2015/6/21,普通乗用×自転車,軽傷事故,車両相互,鳥取署,134.2079138,35.51272289
全事故,東伯郡三朝町大字三朝,2015/6/21,軽乗用×軽乗用,軽傷事故,車両相互,倉吉署,133.8960077,35.40773602
全事故,米子市西町,2015/6/21,軽乗用×軽乗用×普通乗用,軽傷事故,車両相互,米子署,133.3272593,35.42873774
全事故,米子市道笑町4丁目,2015/6/21,普通乗用×軽乗用,軽傷事故,車両相互,米子署,133.3474264,35.42510559
全事故,西伯郡伯耆町吉長,2015/6/21,軽貨物×物件等,死亡事故,車両単独,黒坂署,133.4097491,35.38287857
全事故,鳥取市西町3丁目,2015/6/24,普通乗用×歩行者,軽傷事故,人対車両,鳥取署,134.2331917,35.50548235
全事故,米子市皆生五丁目,2015/6/24,普通乗用×普通乗用,軽傷事故,車両相互,米子署,133.3615984,35.45037583
全事故,鳥取市青谷町青谷,2015/5/26,軽乗用×原付車,重傷事故,車両相互,浜村署,133.997926,35.51732086
全事故,西伯郡南部町境,2015/5/26,普通乗用×普通乗用,軽傷事故,車両相互,米子署,133.3464731,35.37962782
全事故,東伯郡北栄町国坂,2015/6/1,普通乗用×軽乗用,軽傷事故,車両相互,倉吉署,133.8252831,35.48211358
全事故,東伯郡湯梨浜町田後,2015/5/31,普通乗用×自転車,軽傷事故,車両相互,倉吉署,133.8595091,35.4824485
全事故,米子市旗ヶ崎七丁目,2015/5/31,軽乗用×普通乗用,軽傷事故,車両相互,米子署,133.3104895,35.44089175
全事故,倉吉市昭和町１丁目,2015/6/10,普通乗用×自転車,軽傷事故,車両相互,倉吉署,133.8352565,35.43386947
全事故,倉吉市巌城,2015/6/7,普通乗用×軽乗用,軽傷事故,車両相互,倉吉署,133.8267105,35.44847841
全事故,東伯郡北栄町弓原,2015/6/7,普通乗用×軽貨物,重傷事故,車両相互,倉吉署,133.8149914,35.4986882
全事故,東伯郡三朝町大字福本,2015/6/14,自動二輪×物件等,重傷事故,車両単独,倉吉署,133.7970785,35.31254439
全事故,境港市竹内団地,2015/6/14,軽乗用×軽乗用,重傷事故,車両相互,境港署,133.254197,35.52005195
全事故,倉吉市耳,2015/5/25,軽乗用×軽貨物,軽傷事故,車両相互,倉吉署,133.7716552,35.37449826
全事故,米子市両三柳,2015/5/25,普通乗用×普通乗用,軽傷事故,車両相互,米子署,133.3178359,35.4615912
全事故,西伯郡大山町石井垣,2015/6/16,軽乗用×軽乗用,重傷事故,車両相互,八橋署,133.5902118,35.51025115
全事故,米子市灘町二丁目,2015/6/16,軽乗用×普通乗用,軽傷事故,車両相互,米子署,133.3250364,35.43437607
全事故,米子市夜見町,2014/6/27,軽乗用×自転車,軽傷事故,車両相互,米子署,133.3036205,35.46344726
全事故,米子市陰田町,2015/5/28,普通乗用×普通乗用,軽傷事故,車両相互,米子署,133.3209646,35.41247071
全事故,米子市角盤町２丁目,2015/5/28,軽乗用×軽乗用,軽傷事故,車両相互,米子署,133.3334084,35.43286243
全事故,米子市両三柳,2015/5/28,軽乗用×軽乗用,軽傷事故,車両相互,米子署,133.3319107,35.45742865
全事故,米子市西福原六丁目,2015/6/4,普通乗用×普通乗用,軽傷事故,車両相互,米子署,133.3432435,35.44766493
全事故,米子市福市,2015/6/5,普通乗用×軽乗用,軽傷事故,車両相互,米子署,133.3657412,35.40594802
全事故,米子市皆生新田２丁目,2015/6/12,普通乗用×軽乗用,軽傷事故,車両相互,米子署,133.3698408,35.44863657
全事故,米子市旗ヶ崎六丁目,2015/5/4,軽乗用×自動二輪,軽傷事故,車両相互,米子署,133.3101571,35.43815949
全事故,米子市米原7丁目,2015/6/18,軽乗用×軽乗用,軽傷事故,車両相互,米子署,133.3321921,35.44406383
全事故,米子市両三柳,2015/6/23,軽乗用×軽乗用,軽傷事故,車両相互,米子署,133.336086,35.45822663
全事故,米子市三本松三丁目,2015/6/25,普通乗用×原付車,軽傷事故,車両相互,米子署,133.3224443,35.44504815
死亡事故,西伯郡伯耆町吉長,2015/6/21,軽貨物×物件等,死亡事故,車両単独,黒坂署,133.4097491,35.38287857
自転車事故,鳥取市祢宜谷,2015/5/17,軽乗用×自転車,軽傷事故,車両相互,鳥取署,134.2566604,35.43630829
自転車事故,鳥取市立川町５丁目,2015/5/19,軽乗用×自転車,重傷事故,車両相互,鳥取署,134.2499506,35.48911291
自転車事故,鳥取市立川町6丁目,2015/6/2,軽乗用×自転車,軽傷事故,車両相互,鳥取署,134.2500466,35.48823925
自転車事故,鳥取市片原４丁目,2015/6/8,軽貨物×自転車,軽傷事故,車両相互,鳥取署,134.2297023,35.5041512
自転車事故,鳥取市五反田町,2015/5/13,普通貨物×自転車,軽傷事故,車両相互,鳥取署,134.2009475,35.50979934
自転車事故,鳥取市古海,2015/6/13,軽乗用×自転車,軽傷事故,車両相互,鳥取署,134.2037457,35.49126273
自転車事故,鳥取市栄町,2014/9/10,普通乗用×自転車,重傷事故,車両相互,鳥取署,134.2292686,35.497019
自転車事故,鳥取市千代水３丁目,2015/6/20,普通乗用×自転車,軽傷事故,車両相互,鳥取署,134.2024989,35.5191236
自転車事故,鳥取市大杙,2015/5/30,軽乗用×自転車,重傷事故,車両相互,鳥取署,134.2447976,35.48614969
自転車事故,鳥取市安長,2015/6/21,普通乗用×自転車,軽傷事故,車両相互,鳥取署,134.2079138,35.51272289
自転車事故,八頭郡八頭町宮谷,2015/5/29,自転車×軽乗用,重傷事故,車両相互,郡家署,134.2565576,35.41707646
自転車事故,鳥取市気高町八幡,2015/5/13,自転車×相手なし,重傷事故,車両単独,浜村署,134.0404894,35.50964967
自転車事故,東伯郡湯梨浜町田後,2015/5/31,普通乗用×自転車,軽傷事故,車両相互,倉吉署,133.8595091,35.4824485
自転車事故,東伯郡湯梨浜町田後,2015/5/29,普通乗用×自転車,軽傷事故,車両相互,倉吉署,133.8543336,35.4824842
自転車事故,倉吉市昭和町１丁目,2015/6/10,普通乗用×自転車,軽傷事故,車両相互,倉吉署,133.8352565,35.43386947
自転車事故,米子市夜見町,2014/6/27,軽乗用×自転車,軽傷事故,車両相互,米子署,133.3036205,35.46344726
自転車事故,米子市両三柳,2015/5/27,軽乗用×自転車,軽傷事故,車両相互,米子署,133.3227989,35.44682203
歩行者事故,歩行者,2015/5/22,普通乗用×歩行者,重傷事故,人対車両,鳥取署,134.1985699,35.5020858
歩行者事故,歩行者,2015/6/9,普通乗用×歩行者,軽傷事故,人対車両,鳥取署,134.2404654,35.4872817
歩行者事故,歩行者,2015/6/13,普通乗用×歩行者,軽傷事故,人対車両,鳥取署,134.22722,35.48214359
歩行者事故,歩行者,2015/6/24,普通乗用×歩行者,軽傷事故,人対車両,鳥取署,134.2331917,35.50548235
歩行者事故,歩行者,2015/5/27,軽貨物×歩行者,重傷事故,人対車両,八橋署,133.626808,35.51077863
歩行者事故,歩行者,2015/5/17,対象外当事者×歩行者,軽傷事故,人対車両,米子署,133.3235049,35.46102602
全事故,米子市角盤町二丁目,2014/12/13,普通乗用×自転車,重傷事故,車両相互,米子署,133.3322228,35.43442502
全事故,倉吉市上井町１丁目,2014/12/25,軽乗用×歩行者,軽傷事故,人対車両,倉吉署,133.853702,35.45268378
全事故,倉吉市大正町２丁目,2015/2/19,軽乗用×普通乗用,重傷事故,車両相互,倉吉署,133.8234499,35.43491914
全事故,米子市河崎,2015/4/8,普通乗用×自転車,重傷事故,車両相互,米子署,133.3109695,35.46346563
全事故,倉吉市大塚,2015/4/21,普通乗用×普通乗用×普通乗用,軽傷事故,車両相互,倉吉署,133.8427886,35.4755627
全事故,米子市皆生温泉3丁目,2015/5/18,軽貨物×軽乗用,軽傷事故,車両相互,米子署,133.3616402,35.45614671
全事故,鳥取市安長,2015/5/25,軽乗用×普通乗用×軽乗用,軽傷事故,車両相互,鳥取署,134.2019174,35.51254607
全事故,鳥取市気高町北浜２丁目,2015/5/27,大型貨物×軽乗用,軽傷事故,車両相互,浜村署,134.0444112,35.51791068
全事故,鳥取市八坂,2015/5/29,軽乗用×軽乗用×軽貨物,軽傷事故,車両相互,鳥取署,134.2149846,35.45307796
全事故,鳥取市吉成,2015/5/30,普通貨物×軽貨物,軽傷事故,車両相互,鳥取署,134.2270655,35.4823669
全事故,米子市長砂町,2015/6/2,普通乗用×普通乗用,軽傷事故,車両相互,米子署,133.3559451,35.41681144
全事故,鳥取市河原町布袋,2015/6/4,普通乗用×軽貨物×軽乗用,軽傷事故,車両相互,智頭署,134.2069506,35.42796699
全事故,八頭郡智頭町大字市瀬,2015/6/6,軽乗用×普通乗用,軽傷事故,車両相互,智頭署,134.2262415,35.27767134
全事故,米子市榎原,2015/6/8,普通乗用×普通乗用,軽傷事故,車両相互,米子署,133.3505468,35.3918439
全事故,鳥取市雲山,2015/6/13,軽乗用×普通乗用×普通乗用,軽傷事故,車両相互,鳥取署,134.2364817,35.4771025
全事故,米子市陰田町,2015/6/18,普通乗用×軽貨物×普通乗用,軽傷事故,車両相互,米子署,133.3201882,35.41151825
全事故,鳥取市湖山町西4丁目,2015/6/20,普通乗用×軽乗用×普通乗用,軽傷事故,車両相互,鳥取署,134.1732491,35.52385655
全事故,鳥取市湖山町南3丁目,2015/6/20,軽貨物×普通乗用,軽傷事故,車両相互,鳥取署,134.1756476,35.51145176
全事故,米子市東福原八丁目,2015/6/20,軽乗用×軽乗用,軽傷事故,車両相互,米子署,133.3464546,35.45066206
全事故,米子市東福原五丁目,2015/6/20,普通乗用×軽乗用,軽傷事故,車両相互,米子署,133.3469007,35.44326202
全事故,鳥取市湖山町北１丁目,2015/6/23,軽乗用×普通乗用,軽傷事故,車両相互,鳥取署,134.1753112,35.51871698
全事故,米子市東福原一丁目,2015/6/23,軽貨物×普通乗用,軽傷事故,車両相互,米子署,133.3424858,35.4382469
全事故,米子市東福原七丁目,2015/6/23,普通乗用×普通乗用,軽傷事故,車両相互,米子署,133.3504305,35.45287843
全事故,鳥取市気高町飯里,2015/6/24,軽貨物×原付車,重傷事故,車両相互,浜村署,134.0401465,35.46616034
全事故,鳥取市松並町1丁目,2015/6/26,普通乗用×歩行者,軽傷事故,人対車両,鳥取署,134.2165541,35.51371138
全事故,鳥取市久末,2015/6/27,軽乗用×軽乗用,軽傷事故,車両相互,鳥取署,134.235839,35.45382429
全事故,西伯郡伯耆町溝口,2015/6/27,普通乗用×物件等,軽傷事故,車両単独,黒坂署,133.4334607,35.34723068
全事故,東伯郡琴浦町大字赤碕,2015/6/28,普通乗用×普通乗用,重傷事故,車両相互,八橋署,133.6282759,35.50847008
全事故,鳥取市吉方温泉4丁目,2015/6/29,軽乗用×普通乗用,軽傷事故,車両相互,鳥取署,134.2386274,35.4893651
全事故,米子市彦名町,2015/7/1,普通乗用×自転車,軽傷事故,車両相互,米子署,133.2963646,35.44537612
全事故,鳥取市富安2丁目,2015/7/4,普通乗用×歩行者,軽傷事故,人対車両,鳥取署,134.2315875,35.49136909
全事故,鳥取市吉成,2015/7/5,普通乗用×軽乗用,軽傷事故,車両相互,鳥取署,134.2313921,35.48275887
全事故,倉吉市福庭町1丁目,2015/7/5,普通乗用×自転車,軽傷事故,車両相互,倉吉署,133.8496838,35.4697099
全事故,鳥取市富安2丁目,2015/7/6,普通乗用×中型貨物,軽傷事故,車両相互,鳥取署,134.2278567,35.48975189
全事故,倉吉市西倉吉町,2015/7/6,普通乗用×軽乗用,軽傷事故,車両相互,倉吉署,133.8028414,35.42502558
全事故,倉吉市河原町,2015/7/6,大型乗用×相手なし,軽傷事故,車両単独,倉吉署,133.8107371,35.43022096
全事故,米子市両三柳,2015/7/6,軽乗用×軽乗用,軽傷事故,車両相互,米子署,133.3114611,35.45985633
全事故,米子市西福原一丁目,2015/7/7,普通乗用×軽貨物×普通乗用,軽傷事故,車両相互,米子署,133.3409723,35.4387812
全事故,米子市淀江町佐陀,2015/7/7,普通乗用×軽乗用,重傷事故,車両相互,米子署,133.3933002,35.44462096
全事故,倉吉市清谷,2015/7/8,普通乗用×歩行者,軽傷事故,人対車両,倉吉署,133.8517884,35.47249615
全事故,米子市西福原一丁目,2015/7/8,軽乗用×軽乗用,重傷事故,車両相互,米子署,133.3412565,35.43894978
全事故,米子市熊党,2015/7/8,普通乗用×軽乗用,軽傷事故,車両相互,米子署,133.3781407,35.42889703
全事故,米子市米子市大篠津町,2015/7/10,軽乗用×普通乗用,軽傷事故,車両相互,米子署,133.2589818,35.49118949
全事故,鳥取市嶋,2015/7/11,普通乗用×普通乗用,軽傷事故,車両相互,高速隊,134.1935108,35.4920158
全事故,鳥取市徳尾,2015/7/11,大型貨物×軽乗用,軽傷事故,車両相互,鳥取署,134.2013914,35.50237739
全事故,八頭郡若桜町大字落折,2015/7/12,普通乗用×普通乗用,軽傷事故,車両相互,郡家署,134.4973828,35.29705036
全事故,倉吉市横田,2015/7/12,原付車×軽乗用,重傷事故,車両相互,倉吉署,133.7781469,35.4198881
全事故,倉吉市海田西町1丁目,2015/7/12,軽貨物×自転車,軽傷事故,車両相互,倉吉署,133.8446666,35.46366029
全事故,境港市外江町,2015/7/13,軽乗用×物件等,死亡事故,車両単独,境港署,133.2100677,35.53237307
全事故,倉吉市上井,2015/7/14,普通乗用×物件等,死亡事故,車両単独,倉吉署,133.8575733,35.45335947
全事故,鳥取市香取,2015/7/15,軽乗用×軽乗用,軽傷事故,車両相互,鳥取署,134.2557341,35.44225008
全事故,鳥取市福部町八重原,2015/7/16,普通乗用×普通乗用×普通乗用,軽傷事故,車両相互,鳥取署,134.281618,35.51459571
全事故,米子市長砂町,2015/7/18,軽乗用×普通乗用,軽傷事故,車両相互,高速隊,133.3582452,35.41732358
全事故,鳥取市行徳1丁目,2015/7/18,軽乗用×軽乗用,軽傷事故,車両相互,鳥取署,134.2193728,35.49861779
全事故,鳥取市御熊,2015/7/19,軽乗用×物件等,死亡事故,車両単独,鳥取署,134.1040397,35.49458827
全事故,米子市西福原7丁目,2015/7/19,軽乗用×普通乗用,軽傷事故,車両相互,米子署,133.3459374,35.45402752
全事故,米子市道笑町四丁目,2015/7/19,普通乗用×普通乗用,軽傷事故,車両相互,米子署,133.3456563,35.42402424
全事故,米子市淀江町西原,2015/7/21,普通乗用×物件等,死亡事故,車両単独,米子署,133.4194785,35.45358309
全事故,鳥取市叶,2015/7/22,軽乗用×自転車,重傷事故,車両相互,鳥取署,134.2175394,35.47815382
全事故,米子市米原五丁目,2015/7/22,普通乗用×軽乗用,軽傷事故,車両相互,米子署,133.3313632,35.44436488
全事故,鳥取市瓦町,2015/7/23,軽乗用×普通乗用,軽傷事故,車両相互,鳥取署,134.226394,35.49799488
全事故,東伯郡北栄町由良宿,2015/7/23,普通乗用×軽乗用,重傷事故,車両相互,倉吉署,133.7602253,35.49005398
全事故,鳥取市桜谷,2015/7/25,軽乗用×普通乗用,軽傷事故,車両相互,鳥取署,134.246476,35.47255224
全事故,鳥取市国府町新通り１丁目,2015/7/26,軽乗用×自転車,軽傷事故,車両相互,鳥取署,134.2526681,35.48246247
全事故,西伯郡大山町鍵掛峠,2015/7/26,自動二輪×物件等,重傷事故,車両単独,八橋署,133.5496018,35.34609228
全事故,米子市弥生町,2015/7/26,軽乗用×軽貨物,軽傷事故,車両相互,米子署,133.3344636,35.42200951
全事故,米子市冨士見町一丁目,2015/7/29,普通乗用×軽乗用,軽傷事故,車両相互,米子署,133.3370229,35.43059642
全事故,鳥取市松上,2015/7/30,軽乗用×歩行者,死亡事故,人対車両,鳥取署,134.1261117,35.43238309
全事故,倉吉市関金町堀,2015/7/30,軽貨物×物件等,死亡事故,車両単独,倉吉署,133.7116125,35.3728956
死亡事故,境港市外江町,2015/7/13,軽乗用×物件等,死亡事故,車両単独,境港署,133.2100677,35.53237307
死亡事故,倉吉市上井,2015/7/14,普通乗用×物件等,死亡事故,車両単独,倉吉署,133.8575733,35.45335947
死亡事故,鳥取市御熊,2015/7/19,軽乗用×物件等,死亡事故,車両単独,鳥取署,134.1040397,35.49458827
死亡事故,米子市淀江町西原,2015/7/21,普通乗用×物件等,死亡事故,車両単独,米子署,133.4194785,35.45358309
死亡事故,鳥取市松上,2015/7/30,軽乗用×歩行者,死亡事故,人対車両,鳥取署,134.1261117,35.43238309
死亡事故,倉吉市関金町堀,2015/7/30,軽貨物×物件等,死亡事故,車両単独,倉吉署,133.7116125,35.3728956
自転車事故,米子市角盤町二丁目,2014/12/13,普通乗用×自転車,重傷事故,車両相互,米子署,133.3322228,35.43442502
自転車事故,米子市河崎,2015/4/8,普通乗用×自転車,重傷事故,車両相互,米子署,133.3109695,35.46346563
自転車事故,米子市彦名町,2015/7/1,普通乗用×自転車,軽傷事故,車両相互,米子署,133.2963646,35.44537612
自転車事故,倉吉市福庭町1丁目,2015/7/5,普通乗用×自転車,軽傷事故,車両相互,倉吉署,133.8496838,35.4697099
自転車事故,倉吉市海田西町1丁目,2015/7/12,軽貨物×自転車,軽傷事故,車両相互,倉吉署,133.8446666,35.46366029
自転車事故,鳥取市叶,2015/7/22,軽乗用×自転車,重傷事故,車両相互,鳥取署,134.2175394,35.47815382
自転車事故,鳥取市国府町新通り１丁目,2015/7/26,軽乗用×自転車,軽傷事故,車両相互,鳥取署,134.2526681,35.48246247
歩行者事故,倉吉市上井町１丁目,2014/12/25,軽乗用×歩行者,軽傷事故,人対車両,倉吉署,133.853702,35.45268378
歩行者事故,鳥取市松並町1丁目,2015/6/26,普通乗用×歩行者,軽傷事故,人対車両,鳥取署,134.2165541,35.51371138
歩行者事故,鳥取市富安2丁目,2015/7/4,普通乗用×歩行者,軽傷事故,人対車両,鳥取署,134.2315875,35.49136909
歩行者事故,倉吉市清谷,2015/7/8,普通乗用×歩行者,軽傷事故,人対車両,倉吉署,133.8517884,35.47249615
歩行者事故,鳥取市松上,2015/7/30,軽乗用×歩行者,死亡事故,人対車両,鳥取署,134.1261117,35.43238309
全事故,鳥取市秋里,2015/5/11,普通乗用×自動二輪,重傷事故,車両相互,鳥取署,134.2146506,35.51361129
全事故,八頭郡八頭町船岡殿,2015/6/10,軽乗用×物件等,重傷事故,車両単独,郡家署,134.2483735,35.37138103
全事故,鳥取市行徳1丁目,2015/6/22,軽乗用×自転車,重傷事故,車両相互,鳥取署,134.2233792,35.49719565
全事故,米子市祇園町二丁目,2015/6/26,軽乗用×軽乗用,軽傷事故,車両相互,米子署,133.3249072,35.41914492
全事故,米子市陰田町,2015/7/5,軽貨物×軽乗用×軽乗用,軽傷事故,車両相互,米子署,133.3260215,35.40909979
全事故,鳥取市松並町２丁目,2015/7/7,普通乗用×軽乗用,軽傷事故,車両相互,鳥取署,134.2193765,35.51814609
全事故,米子市加茂町二丁目,2015/7/8,普通乗用×自転車,軽傷事故,車両相互,米子署,133.3302743,35.42778284
全事故,米子市東倉吉町,2015/7/11,軽乗用×軽貨物,軽傷事故,車両相互,米子署,133.3304132,35.42979806
全事故,鳥取市吉方温泉４丁目,2015/7/13,普通乗用×自転車,軽傷事故,車両相互,鳥取署,134.2388726,35.48904999
全事故,米子市米原七丁目,2015/7/13,軽乗用×普通乗用,軽傷事故,車両相互,米子署,133.332308,35.44398007
全事故,米子市新開二丁目,2015/7/14,軽乗用×軽乗用,軽傷事故,車両相互,米子署,133.3473728,35.45381984
全事故,米子市末広町,2015/7/14,普通乗用×普通乗用,軽傷事故,車両相互,米子署,133.3323638,35.42311865
全事故,鳥取市福部町湯山,2015/7/15,普通乗用×軽乗用,重傷事故,車両相互,鳥取署,134.2522103,35.53671974
全事故,倉吉市和田,2015/7/15,普通乗用×軽乗用×軽貨物×軽貨物,軽傷事故,車両相互,倉吉署,133.8124551,35.43935986
全事故,西伯郡大山町塩津,2015/7/17,軽乗用×自動二輪,軽傷事故,車両相互,八橋署,133.5704474,35.5283554
全事故,東伯郡北栄町瀬戸,2015/7/18,軽貨物×自転車,重傷事故,車両相互,倉吉署,133.7754112,35.4805494
全事故,米子市日原,2015/7/19,軽乗用×普通乗用,軽傷事故,車両相互,米子署,133.3581676,35.41099967
全事故,東伯郡琴浦町八橋,2015/7/21,軽貨物×自動二輪,重傷事故,車両相互,八橋署,133.6637599,35.48859151
全事故,米子市東町,2015/7/21,普通乗用×軽貨物,軽傷事故,車両相互,米子署,133.3303386,35.42516068
全事故,境港市小篠津町,2015/7/22,普通乗用×歩行者×歩行者,重傷事故,人対車両,境港署,133.2535722,35.50942342
全事故,東伯郡北栄町江北,2015/7/23,自転車×普通乗用,重傷事故,車両相互,倉吉署,133.840722,35.49654569
全事故,鳥取市湖山町西１丁目,2015/7/24,軽貨物×普通乗用,軽傷事故,車両相互,鳥取署,134.165254,35.52106433
全事故,鳥取市湯所町2丁目,2015/7/25,軽乗用×普通乗用,軽傷事故,車両相互,鳥取署,134.2317427,35.50942794
全事故,岩美郡岩美町浦富,2015/7/26,普通乗用×普通乗用,軽傷事故,車両相互,鳥取署,134.3153318,35.57303337
全事故,鳥取市湖山町東4丁目,2015/7/26,普通乗用×歩行者,軽傷事故,人対車両,鳥取署,134.1919496,35.51460293
全事故,鳥取市大工町頭,2015/7/27,普通乗用×普通乗用,軽傷事故,車両相互,鳥取署,134.2379785,35.49803747
全事故,境港市元町,2015/7/27,軽乗用×普通乗用,軽傷事故,車両相互,境港署,133.2344384,35.5424848
全事故,鳥取市気高町二本木,2015/7/28,軽乗用×大型貨物,重傷事故,車両相互,浜村署,134.0672767,35.4897749
全事故,米子市皆生五丁目,2015/7/28,普通乗用×普通貨物×普通乗用,軽傷事故,車両相互,米子署,133.3605334,35.45063188
全事故,米子市大工町,2015/7/28,普通乗用×軽乗用,軽傷事故,車両相互,米子署,133.3308993,35.42333067
全事故,鳥取市行徳2丁目,2015/7/29,普通乗用×自転車,軽傷事故,車両相互,鳥取署,134.2228538,35.49894708
全事故,鳥取市賀露町北1丁目,2015/7/30,軽貨物×普通乗用,軽傷事故,車両相互,鳥取署,134.1911024,35.53554993
全事故,米子市冨士見町,2015/7/31,普通乗用×自転車,重傷事故,車両相互,米子署,133.3365946,35.43372958
全事故,鳥取市高住,2015/8/1,軽乗用×軽乗用×軽乗用,軽傷事故,車両相互,鳥取署,134.167383,35.5001558
全事故,鳥取市幸町,2015/8/1,軽乗用×軽貨物×普通乗用,軽傷事故,車両相互,鳥取署,134.2203851,35.49591151
全事故,鳥取市新,2015/8/2,普通乗用×普通乗用,軽傷事故,車両相互,鳥取署,134.2398714,35.48235541
全事故,米子市久米町,2015/8/2,普通乗用×軽乗用,軽傷事故,車両相互,米子署,133.3255454,35.42323968
全事故,鳥取市賀露町,2015/8/3,軽乗用×軽乗用×軽乗用,軽傷事故,車両相互,鳥取署,134.1919318,35.52028565
全事故,鳥取市宮長,2015/8/3,普通乗用×自動二輪,重傷事故,車両相互,鳥取署,134.2238516,35.47606652
全事故,米子市両三柳,2015/8/3,軽乗用×軽乗用,軽傷事故,車両相互,米子署,133.3156622,35.45065674
全事故,鳥取市河原町八日市,2015/8/4,普通乗用×軽乗用,死亡事故,車両相互,高速隊,134.2049206,35.3797458
全事故,鳥取市青葉町2丁目,2015/8/4,軽貨物×自転車,軽傷事故,車両相互,鳥取署,134.2243662,35.51489263
全事故,東伯郡湯梨浜町はわい長瀬,2015/8/5,普通乗用×普通乗用×普通乗用,軽傷事故,車両相互,倉吉署,133.8766525,35.49723482
全事故,倉吉市米田町,2015/8/5,普通乗用×軽乗用,軽傷事故,車両相互,倉吉署,133.8436463,35.42673565
全事故,米子市角盤町2丁目,2015/8/5,軽乗用×自転車,軽傷事故,車両相互,米子署,133.3329961,35.43378755
全事故,米子市夜見町,2015/8/5,大型貨物×軽乗用,軽傷事故,車両相互,米子署,133.3070116,35.46921263
全事故,米子市宗像,2015/8/6,普通乗用×軽乗用×普通乗用,軽傷事故,車両相互,高速隊,133.3506004,35.41584183
全事故,米子市淀江町中間,2015/8/6,普通乗用×普通乗用×普通乗用×軽乗用,軽傷事故,車両相互,米子署,133.4017385,35.44751172
全事故,鳥取市富安１丁目,2015/8/7,軽貨物×軽乗用×軽乗用,軽傷事故,車両相互,鳥取署,134.2246319,35.49096089
全事故,米子市錦町三丁目,2015/8/7,普通乗用×軽乗用,軽傷事故,車両相互,米子署,133.3290211,35.43716046
全事故,倉吉市福庭町一丁目,2015/8/8,軽乗用×軽乗用,軽傷事故,車両相互,倉吉署,133.8485323,35.46839166
全事故,鳥取市千代水4丁目,2015/8/9,軽乗用×軽乗用,重傷事故,車両相互,鳥取署,134.192341,35.52000793
全事故,米子市大篠津町,2015/8/9,軽乗用×歩行者×歩行者,重傷事故,人対車両,米子署,133.2634983,35.49800553
全事故,米子市勝田町,2015/8/9,普通乗用×歩行者,重傷事故,人対車両,米子署,133.3427504,35.43132326
全事故,鳥取市晩稲,2015/8/11,普通乗用×歩行者,軽傷事故,人対車両,鳥取署,134.2018898,35.52395432
全事故,八頭郡若桜町大字若桜,2015/8/12,普通貨物×軽乗用,軽傷事故,車両相互,郡家署,134.4010834,35.34333761
全事故,倉吉市河北町,2015/8/12,軽乗用×普通乗用,軽傷事故,車両相互,倉吉署,133.8448452,35.46391985
全事故,西伯郡大山町赤松,2015/8/12,普通乗用×軽乗用,重傷事故,車両相互,八橋署,133.479914,35.40834179
全事故,米子市淀江町淀江,2015/8/12,普通乗用×普通乗用,軽傷事故,車両相互,米子署,133.4011134,35.4473152
全事故,倉吉市瀬崎町,2015/8/13,軽乗用×歩行者,死亡事故,人対車両,倉吉署,133.8200162,35.4313077
全事故,米子市東福原二丁目,2015/8/13,軽貨物×普通乗用,軽傷事故,車両相互,米子署,133.3444671,35.43713196
全事故,鳥取市白兎,2015/8/16,軽乗用×軽乗用,軽傷事故,車両相互,鳥取署,134.1142953,35.52582319
全事故,鳥取市正蓮寺,2015/8/16,普通乗用×普通乗用,軽傷事故,車両相互,鳥取署,134.2424775,35.47260547
全事故,西伯郡大山町鈑戸,2015/8/16,軽貨物×自動二輪,重傷事故,車両相互,八橋署,133.5333093,35.43855313
全事故,鳥取市秋里,2015/8/17,軽貨物×軽乗用×普通乗用,軽傷事故,車両相互,鳥取署,134.2131395,35.52096349
全事故,倉吉市昭和町1丁目,2015/8/18,普通乗用×歩行者,重傷事故,人対車両,倉吉署,133.8383434,35.43336855
全事故,米子市富益町,2015/8/20,軽乗用×普通乗用,軽傷事故,車両相互,米子署,133.2874991,35.48008998
全事故,鳥取市湖山町北４丁目,2015/8/21,普通乗用×自転車,重傷事故,車両相互,鳥取署,134.1801295,35.52579284
全事故,鳥取市立川町５丁目,2015/8/21,軽乗用×自転車,軽傷事故,車両相互,鳥取署,134.2448726,35.48763495
全事故,鳥取市栄町,2015/8/22,普通乗用×自転車,軽傷事故,車両相互,鳥取署,134.2262787,35.49494863
全事故,東伯郡湯梨浜町大字田後,2015/8/22,軽乗用×軽乗用,軽傷事故,車両相互,倉吉署,133.8511726,35.48008419
全事故,米子市上後藤8丁目,2015/8/24,軽乗用×軽乗用,軽傷事故,車両相互,米子署,133.3143794,35.44909185
全事故,岩美郡岩美町大字浦富,2015/8/25,軽貨物×普通乗用×普通乗用,軽傷事故,車両相互,鳥取署,134.3297294,35.59008856
全事故,米子市東福原二丁目,2015/8/26,普通乗用×軽乗用×普通乗用,軽傷事故,車両相互,米子署,133.3415187,35.43907929
全事故,西伯郡大山町豊成,2015/8/27,普通貨物×普通乗用,軽傷事故,車両相互,高速隊,133.5335012,35.50376147
全事故,米子市一部,2015/8/28,普通乗用×物件等,重傷事故,車両単独,米子署,133.397192,35.40715647
全事故,倉吉市河原町,2015/8/30,軽貨物×自転車,重傷事故,車両相互,倉吉署,133.8099744,35.42911304
死亡事故,鳥取市河原町八日市,2015/8/4,普通乗用×軽乗用,死亡事故,車両相互,高速隊,134.2049206,35.3797458
死亡事故,倉吉市瀬崎町,2015/8/13,軽乗用×歩行者,死亡事故,人対車両,倉吉署,133.8200162,35.4313077
自転車事故,鳥取市行徳2丁目,2015/7/29,普通乗用×自転車,軽傷事故,車両相互,鳥取署,134.2228538,35.49894708
自転車事故,鳥取市青葉町2丁目,2015/8/4,軽貨物×自転車,軽傷事故,車両相互,鳥取署,134.2243662,35.51489263
自転車事故,鳥取市湖山町北４丁目,2015/8/21,普通乗用×自転車,重傷事故,車両相互,鳥取署,134.1801295,35.52579284
自転車事故,鳥取市立川町５丁目,2015/8/21,軽乗用×自転車,軽傷事故,車両相互,鳥取署,134.2448726,35.48763495
自転車事故,鳥取市吉方温泉４丁目,2015/7/13,普通乗用×自転車,軽傷事故,車両相互,鳥取署,134.2388726,35.48904999
自転車事故,鳥取市行徳1丁目,2015/6/22,軽乗用×自転車,重傷事故,車両相互,鳥取署,134.2233792,35.49719565
自転車事故,鳥取市栄町,2015/8/22,普通乗用×自転車,軽傷事故,車両相互,鳥取署,134.2262787,35.49494863
自転車事故,東伯郡北栄町江北,2015/7/23,自転車×普通乗用,重傷事故,車両相互,倉吉署,133.840722,35.49654569
自転車事故,東伯郡北栄町瀬戸,2015/7/18,軽貨物×自転車,重傷事故,車両相互,倉吉署,133.7754112,35.4805494
自転車事故,倉吉市河原町,2015/8/30,軽貨物×自転車,重傷事故,車両相互,倉吉署,133.8099744,35.42911304
自転車事故,米子市加茂町二丁目,2015/7/8,普通乗用×自転車,軽傷事故,車両相互,米子署,133.3302743,35.42778284
自転車事故,米子市冨士見町,2015/7/31,普通乗用×自転車,重傷事故,車両相互,米子署,133.3365946,35.43372958
自転車事故,米子市角盤町2丁目,2015/8/5,軽乗用×自転車,軽傷事故,車両相互,米子署,133.3329961,35.43378755
歩行者事故,鳥取市晩稲,2015/8/11,普通乗用×歩行者,軽傷事故,人対車両,鳥取署,134.2018898,35.52395432
歩行者事故,鳥取市湖山町東4丁目,2015/7/26,普通乗用×歩行者,軽傷事故,人対車両,鳥取署,134.1919496,35.51460293
歩行者事故,倉吉市瀬崎町,2015/8/13,軽乗用×歩行者,死亡事故,人対車両,倉吉署,133.8200162,35.4313077
歩行者事故,倉吉市昭和町1丁目,2015/8/18,普通乗用×歩行者,重傷事故,人対車両,倉吉署,133.8383434,35.43336855
歩行者事故,米子市大篠津町,2015/8/9,軽乗用×歩行者×歩行者,重傷事故,人対車両,米子署,133.2634983,35.49800553
歩行者事故,米子市勝田町,2015/8/9,普通乗用×歩行者,重傷事故,人対車両,米子署,133.3427504,35.43132326
歩行者事故,境港市小篠津町,2015/7/22,普通乗用×歩行者×歩行者,重傷事故,人対車両,境港署,133.2535722,35.50942342
全事故,倉吉市鍛冶町2丁目,2015/3/23,普通乗用×軽貨物,軽傷事故,車両相互,倉吉署,133.8143343,35.43029735
全事故,米子市旗ヶ崎６丁目,2015/4/19,普通乗用×歩行者,軽傷事故,人対車両,米子署,133.3127095,35.44004987
全事故,鳥取市末広温泉町,2015/5/19,普通乗用×歩行者,軽傷事故,人対車両,鳥取署,134.2304162,35.49498277
全事故,米子市淀江町小波,2015/6/9,中型貨物×普通乗用,軽傷事故,車両相互,米子署,133.4234759,35.43255023
全事故,境港市財ノ木町,2015/7/9,大型貨物×普通乗用×軽乗用×大型貨物,軽傷事故,車両相互,境港署,133.2554243,35.50684355
全事故,米子市車尾二丁目,2015/7/22,対象外当事者×自転車,軽傷事故,車両相互,米子署,133.3576736,35.43130879
全事故,米子市車尾二丁目,2015/7/24,軽乗用×自転車,軽傷事故,車両相互,米子署,133.3584242,35.43275896
全事故,鳥取市桂木,2015/7/27,軽乗用×自動二輪,軽傷事故,車両相互,鳥取署,134.2489061,35.45792063
全事故,米子市皆生新田二丁目,2015/7/28,軽乗用×自転車,軽傷事故,車両相互,米子署,133.3653327,35.44961086
全事故,米子市加茂町二丁目,2015/7/31,軽乗用×普通乗用,軽傷事故,車両相互,米子署,133.3282402,35.42808885
全事故,米子市皆生新田二丁目,2015/8/4,普通貨物×普通乗用,軽傷事故,車両相互,米子署,133.3657036,35.45072607
全事故,米子市古豊千,2015/8/6,大型貨物×普通乗用,軽傷事故,車両相互,高速隊,133.3748065,35.4204385
全事故,米子市弥生町,2015/8/8,普通乗用×自転車,軽傷事故,車両相互,米子署,133.3357706,35.4236564
全事故,倉吉市西倉吉町,2015/8/11,軽貨物×軽乗用,軽傷事故,車両相互,倉吉署,133.8058971,35.42920085
全事故,鳥取市伏野,2015/8/12,軽乗用×普通乗用,軽傷事故,車両相互,鳥取署,134.1306222,35.52728102
全事故,西伯郡大山町名和,2015/8/13,普通貨物×普通乗用,軽傷事故,車両相互,八橋署,133.501088,35.5065131
全事故,西伯郡日吉津村日吉津,2015/8/13,普通乗用×軽乗用,軽傷事故,車両相互,米子署,133.3870567,35.44395634
全事故,米子市吉岡,2015/8/13,普通乗用×自動二輪,軽傷事故,車両相互,米子署,133.3714355,35.42922052
全事故,米子市上福原五丁目,2015/8/22,普通貨物×普通乗用,重傷事故,車両相互,米子署,133.3560359,35.45179864
全事故,米子市角盤町四丁目,2015/8/23,普通乗用×普通乗用,軽傷事故,車両相互,米子署,133.3262076,35.43932596
全事故,米子市糀町二丁目,2015/8/25,大型乗用×普通乗用,軽傷事故,車両相互,米子署,133.3385527,35.42892574
全事故,鳥取市東町２丁目,2015/8/28,普通乗用×普通乗用,軽傷事故,車両相互,鳥取署,134.2358341,35.50649992
全事故,鳥取市南吉方1丁目,2015/8/28,軽乗用×普通乗用,軽傷事故,車両相互,鳥取署,134.2322991,35.48849998
全事故,西伯郡大山町住吉,2015/8/31,普通貨物×軽貨物×普通乗用,軽傷事故,車両相互,高速隊,133.5696984,35.51208036
全事故,米子市上福原七丁目,2015/8/31,普通乗用×自転車,軽傷事故,車両相互,米子署,133.3551579,35.45700304
全事故,鳥取市宮長,2015/9/1,軽乗用×軽乗用,軽傷事故,車両相互,鳥取署,134.2202009,35.47743511
全事故,鳥取市用瀬町鷹狩,2015/9/1,軽乗用×普通乗用,重傷事故,車両相互,智頭署,134.2055485,35.35392415
全事故,西伯郡大山町富長,2015/9/1,軽乗用×軽乗用,軽傷事故,車両相互,八橋署,133.4796186,35.49967782
全事故,鳥取市東町3丁目,2015/9/2,軽乗用×普通貨物,軽傷事故,車両相互,鳥取署,134.2333727,35.50717028
全事故,西伯郡大山町福尾,2015/9/2,軽貨物×物件等,重傷事故,車両単独,八橋署,133.4504326,35.49202992
全事故,米子市福市,2015/9/2,普通乗用×軽乗用,軽傷事故,車両相互,米子署,133.3670816,35.40498581
全事故,鳥取市用瀬町安蔵,2015/9/3,普通乗用×普通乗用,軽傷事故,車両相互,智頭署,134.1944853,35.31631065
全事故,米子市夜見町,2015/9/4,軽乗用×原付車,軽傷事故,車両相互,米子署,133.2979885,35.47188266
全事故,東伯郡湯梨浜町大字田後,2015/9/6,普通乗用×軽乗用×軽乗用,軽傷事故,車両相互,倉吉署,133.8550598,35.48160895
全事故,東伯郡北栄町弓原,2015/9/7,普通貨物×普通乗用×普通乗用,軽傷事故,車両相互,倉吉署,133.813188,35.49876069
全事故,境港市小篠津町,2015/9/7,軽乗用×軽乗用,軽傷事故,車両相互,境港署,133.2359535,35.5055453
全事故,鳥取市富安1丁目,2015/9/9,軽乗用×普通乗用,軽傷事故,車両相互,鳥取署,134.2294722,35.48881349
全事故,鳥取市岩倉,2015/9/9,軽乗用×普通乗用,軽傷事故,車両相互,鳥取署,134.2553359,35.48579385
全事故,鳥取市千代水２丁目,2015/9/9,普通乗用×軽乗用,重傷事故,車両相互,鳥取署,134.2001201,35.51360442
全事故,米子市八幡,2015/9/9,普通乗用×普通乗用,軽傷事故,車両相互,米子署,133.3857115,35.40227268
全事故,米子市上福原五丁目,2015/9/10,軽乗用×歩行者,軽傷事故,人対車両,米子署,133.3533639,35.44819743
全事故,日野郡日南町菅沢,2015/9/10,普通乗用×軽乗用,重傷事故,車両相互,黒坂署,133.3174373,35.21562856
全事故,鳥取市叶,2015/9/11,普通乗用×軽乗用,軽傷事故,車両相互,鳥取署,134.2177656,35.47790022
全事故,鳥取市吉方温泉4丁目,2015/9/12,普通貨物×軽乗用,軽傷事故,車両相互,鳥取署,134.2394044,35.48896681
全事故,鳥取市吉方温泉4丁目,2015/9/13,普通乗用×軽貨物×軽乗用,軽傷事故,車両相互,鳥取署,134.238489,35.49139784
全事故,倉吉市海田西町1丁目,2015/9/14,軽貨物×自転車,軽傷事故,車両相互,倉吉署,133.8446624,35.46238139
全事故,米子市冨士見町2丁目,2015/9/15,普通乗用×軽乗用,軽傷事故,車両相互,米子署,133.334255,35.43348451
全事故,岩美郡岩美町大字新井,2015/9/16,軽乗用×軽乗用,軽傷事故,車両相互,鳥取署,134.3308186,35.5679079
全事故,鳥取市寿町,2015/9/16,軽乗用×軽乗用,軽傷事故,車両相互,鳥取署,134.2258209,35.50490825
全事故,米子市今在家,2015/9/20,軽乗用×普通乗用,軽傷事故,車両相互,高速隊,133.3936477,35.42392213
全事故,八頭郡智頭町大字山根,2015/9/20,普通乗用×物件等×自転車,重傷事故,車両単独,智頭署,134.2297465,35.25401818
全事故,米子市両三柳,2015/9/20,軽乗用×自動二輪,軽傷事故,車両相互,米子署,133.3142675,35.45409078
全事故,米子市義方町,2015/9/21,自転車×普通乗用,死亡事故,車両相互,米子署,133.324357,35.43929568
全事故,米子市宗像,2015/9/22,普通乗用×普通乗用,軽傷事故,車両相互,高速隊,133.3498519,35.41559706
全事故,東伯郡湯梨浜町田後,2015/9/22,軽乗用×軽乗用,軽傷事故,車両相互,倉吉署,133.8566245,35.48176572
全事故,倉吉市明治町,2015/9/23,軽乗用×歩行者,死亡事故,人対車両,倉吉署,133.8236628,35.4333029
全事故,鳥取市古海,2015/9/25,軽乗用×自転車,重傷事故,車両相互,鳥取署,134.2046973,35.49808878
全事故,鳥取市雲山,2015/9/25,軽貨物×普通貨物×軽乗用,軽傷事故,車両相互,鳥取署,134.2374448,35.47518303
全事故,鳥取市西品治,2015/9/26,軽乗用×自転車,軽傷事故,車両相互,鳥取署,134.2198266,35.50760443
全事故,鳥取市菖蒲,2015/9/28,普通乗用×軽乗用,軽傷事故,車両相互,鳥取署,134.2087252,35.48136433
全事故,境港市湊町,2015/9/28,軽貨物×軽乗用,重傷事故,車両相互,境港署,133.232394,35.54368185
死亡事故,倉吉市明治町,2015/9/23,軽乗用×歩行者,死亡事故,人対車両,倉吉署,133.8236628,35.4333029
死亡事故,米子市義方町,2015/9/21,自転車×普通乗用,死亡事故,車両相互,米子署,133.324357,35.43929568
自転車事故,鳥取市西品治,2015/9/26,軽乗用×自転車,軽傷事故,車両相互,鳥取署,134.2198266,35.50760443
自転車事故,鳥取市古海,2015/9/25,軽乗用×自転車,重傷事故,車両相互,鳥取署,134.2046973,35.49808878
自転車事故,八頭郡智頭町大字山根,2015/9/20,普通乗用×物件等×自転車,重傷事故,車両単独,智頭署,134.2297465,35.25401818
自転車事故,倉吉市海田西町1丁目,2015/9/14,軽貨物×自転車,軽傷事故,車両相互,倉吉署,133.8446624,35.46238139
自転車事故,米子市車尾二丁目,2015/7/24,軽乗用×自転車,軽傷事故,車両相互,米子署,133.3584242,35.43275896
自転車事故,米子市車尾二丁目,2015/7/22,対象外当事者×自転車,軽傷事故,車両相互,米子署,133.3576736,35.43130879
自転車事故,米子市弥生町,2015/8/8,普通乗用×自転車,軽傷事故,車両相互,米子署,133.3357706,35.4236564
自転車事故,米子市上福原七丁目,2015/8/31,普通乗用×自転車,軽傷事故,車両相互,米子署,133.3551579,35.45700304
自転車事故,米子市皆生新田二丁目,2015/7/28,軽乗用×自転車,軽傷事故,車両相互,米子署,133.3653327,35.44961086
自転車事故,米子市義方町,2015/9/21,自転車×普通乗用,死亡事故,車両相互,米子署,133.324357,35.43929568
歩行者事故,鳥取市末広温泉町,2015/5/19,普通乗用×歩行者,軽傷事故,人対車両,鳥取署,134.2304162,35.49498277
歩行者事故,倉吉市明治町,2015/9/23,軽乗用×歩行者,死亡事故,人対車両,倉吉署,133.8236628,35.4333029
歩行者事故,米子市上福原五丁目,2015/9/10,軽乗用×歩行者,軽傷事故,人対車両,米子署,133.3533639,35.44819743
歩行者事故,米子市旗ヶ崎６丁目,2015/4/19,普通乗用×歩行者,軽傷事故,人対車両,米子署,133.3127095,35.44004987
全事故,米子市西福原2丁目,2015/2/18,普通乗用×自転車,軽傷事故,車両相互,米子署,133.3396925,35.44000616
全事故,米子市東福原五丁目,2015/4/15,軽乗用×普通乗用,軽傷事故,車両相互,米子署,133.3449058,35.44424301
全事故,米子市中島二丁目,2015/7/2,軽乗用×軽乗用,軽傷事故,車両相互,米子署,133.3510376,35.43367318
全事故,米子市淀江町本宮,2015/8/4,普通乗用×自動二輪×自動二輪,重傷事故,車両相互,米子署,133.4557401,35.41816564
全事故,西伯郡日吉津村大字富吉,2015/8/5,普通乗用×普通乗用,重傷事故,車両相互,米子署,133.3764183,35.44962696
全事故,米子市東福原三丁目,2015/8/11,軽乗用×軽乗用×普通乗用,軽傷事故,車両相互,米子署,133.346988,35.44325062
全事故,鳥取市大杙,2015/8/18,普通乗用×自転車,軽傷事故,車両相互,鳥取署,134.2448261,35.48613198
全事故,米子市宗像,2015/8/24,軽貨物×普通乗用,軽傷事故,車両相互,米子署,133.3533726,35.41439234
全事故,西伯郡大山町平田,2015/9/1,軽乗用×普通乗用,軽傷事故,車両相互,八橋署,133.435607,35.47565484
全事故,岩美郡岩美町大字浦富,2015/9/5,普通貨物×自転車,軽傷事故,車両相互,鳥取署,134.3325744,35.58359921
全事故,倉吉市八屋,2015/9/6,軽乗用×普通乗用,軽傷事故,車両相互,倉吉署,133.8491321,35.44221293
全事故,東伯郡琴浦町赤碕,2015/9/7,普通乗用×普通乗用,重傷事故,車両相互,八橋署,133.6304028,35.50916757
全事故,鳥取市気高町山宮,2015/9/8,軽乗用×歩行者,軽傷事故,人対車両,浜村署,134.0394618,35.47833911
全事故,米子市淀江町佐陀,2015/9/9,普通貨物×軽乗用,軽傷事故,車両相互,米子署,133.3965476,35.43320263
全事故,八頭郡八頭町奥谷,2015/9/11,軽乗用×軽乗用,軽傷事故,車両相互,郡家署,134.2580537,35.41851752
全事故,米子市大谷町,2015/9/11,軽乗用×軽乗用,軽傷事故,車両相互,米子署,133.3346711,35.41811008
全事故,八頭郡智頭町大字大内,2015/9/14,軽乗用×物件等,軽傷事故,車両単独,高速隊,134.2787099,35.25255049
全事故,鳥取市湖山町西１丁目,2015/9/14,普通乗用×自転車,軽傷事故,車両相互,鳥取署,134.1678039,35.52296355
全事故,米子市淀江町淀江,2015/9/14,軽乗用×軽貨物,軽傷事故,車両相互,米子署,133.4283358,35.4634308
全事故,倉吉市八屋,2015/9/15,軽乗用×自転車,重傷事故,車両相互,倉吉署,133.8493228,35.44207718
全事故,米子市米原九丁目,2015/9/15,普通乗用×自転車,軽傷事故,車両相互,米子署,133.3289288,35.44592335
全事故,東伯郡湯梨浜町大字田後,2015/9/17,軽貨物×歩行者,重傷事故,人対車両,倉吉署,133.8544153,35.48250653
全事故,倉吉市葵町,2015/9/17,普通貨物×普通乗用,軽傷事故,車両相互,倉吉署,133.8253269,35.43084931
全事故,東伯郡北栄町松神,2015/9/21,普通乗用×普通乗用,軽傷事故,車両相互,倉吉署,133.7982756,35.49854909
全事故,境港市佐斐神町,2015/9/21,軽乗用×軽乗用,軽傷事故,車両相互,境港署,133.2586017,35.50312331
全事故,米子市夜見町,2015/9/22,軽乗用×歩行者,重傷事故,人対車両,米子署,133.301917,35.47304775
全事故,米子市長砂町,2015/9/22,普通乗用×普通乗用,軽傷事故,車両相互,米子署,133.3559899,35.41682536
全事故,西伯郡伯耆町岩立,2015/9/22,軽乗用×自転車,軽傷事故,車両相互,黒坂署,133.5145956,35.36945867
全事故,日野郡江府町大字佐川,2015/9/23,普通乗用×軽乗用,軽傷事故,車両相互,黒坂署,133.4745725,35.29467102
全事故,鳥取市用瀬町鷹狩,2015/9/25,軽乗用×軽貨物,軽傷事故,車両相互,智頭署,134.206377,35.35477494
全事故,西伯郡南部町法勝寺,2015/9/25,普通乗用×軽貨物,軽傷事故,車両相互,米子署,133.3255093,35.34562374
全事故,米子市米原七丁目,2015/9/25,普通貨物×軽乗用×普通乗用,軽傷事故,車両相互,米子署,133.3290859,35.44623787
全事故,境港市竹内町,2015/9/25,普通乗用×歩行者×歩行者,軽傷事故,人対車両,境港署,133.2365493,35.5221346
全事故,米子市三本松一丁目,2015/9/26,軽貨物×普通乗用,軽傷事故,車両相互,米子署,133.3238939,35.43981136
全事故,鳥取市雲山,2015/9/27,原付車×軽乗用,軽傷事故,車両相互,鳥取署,134.2357428,35.48025679
全事故,鳥取市吉成,2015/9/28,普通乗用×自転車,軽傷事故,車両相互,鳥取署,134.2323753,35.48275936
全事故,米子市三本松一丁目,2015/9/28,普通乗用×普通乗用×普通乗用,軽傷事故,車両相互,米子署,133.3267391,35.44100254
全事故,米子市富益町,2015/9/28,軽乗用×普通乗用,軽傷事故,車両相互,米子署,133.2901698,35.47869331
全事故,鳥取市徳尾,2015/9/29,普通乗用×軽貨物×軽乗用×普通乗用,軽傷事故,車両相互,鳥取署,134.2021403,35.49821534
全事故,鳥取市南安長2丁目,2015/9/29,軽乗用×軽乗用,軽傷事故,車両相互,鳥取署,134.2074723,35.50691656
全事故,鳥取市栄町,2015/9/29,普通貨物×歩行者,軽傷事故,人対車両,鳥取署,134.2273353,35.496267
全事故,倉吉市駄経寺町,2015/9/29,軽貨物×歩行者,重傷事故,人対車両,倉吉署,133.8348024,35.43133821
全事故,米子市西福原,2015/9/29,普通乗用×軽乗用,軽傷事故,車両相互,米子署,133.3430625,35.44027887
全事故,米子市和田町,2015/9/29,普通貨物×普通乗用,軽傷事故,車両相互,米子署,133.2763271,35.48255258
全事故,東伯郡琴浦町丸尾,2015/9/30,普通乗用×歩行者,軽傷事故,人対車両,八橋署,133.6899477,35.50201944
全事故,米子市旗ヶ崎一丁目,2015/9/30,普通乗用×自転車,軽傷事故,車両相互,米子署,133.3222685,35.43729389
全事故,米子市角盤町一丁目,2015/9/30,軽乗用×普通乗用,軽傷事故,車両相互,米子署,133.3330535,35.43236333
全事故,米子市夜見町,2015/9/30,軽貨物×軽乗用×普通貨物,軽傷事故,車両相互,米子署,133.3018982,35.46157957
全事故,鳥取市秋里,2015/10/2,普通乗用×軽乗用,軽傷事故,車両相互,鳥取署,134.214226,35.51972163
全事故,鳥取市吉成１丁目,2015/10/2,普通乗用×自転車,重傷事故,車両相互,鳥取署,134.2212009,35.48644367
全事故,東伯郡湯梨浜町大字長和田,2015/10/2,軽乗用×歩行者,軽傷事故,人対車両,倉吉署,133.879846,35.46291863
全事故,倉吉市上井,2015/10/2,軽貨物×普通乗用,軽傷事故,車両相互,倉吉署,133.8451296,35.45496495
全事故,米子市角盤町四丁目,2015/10/2,普通乗用×原付車,軽傷事故,車両相互,米子署,133.3255597,35.43871859
全事故,鳥取市国府町新通り４丁目,2015/10/3,原付車×自転車,軽傷事故,車両相互,鳥取署,134.2541013,35.48168107
全事故,岩美郡岩美町大字浦富,2015/10/3,普通乗用×普通乗用,軽傷事故,車両相互,鳥取署,134.3327455,35.57977565
全事故,倉吉市福守町,2015/10/3,軽乗用×軽乗用,軽傷事故,車両相互,倉吉署,133.812806,35.43865757
全事故,米子市観音寺新町一丁目,2015/10/3,軽乗用×歩行者,重傷事故,人対車両,米子署,133.3542408,35.42569992
全事故,鳥取市湖山町西１丁目,2015/10/4,普通乗用×自転車,重傷事故,車両相互,鳥取署,134.1693346,35.51990065
全事故,鳥取市富安1丁目,2015/10/5,軽貨物×軽乗用,軽傷事故,車両相互,鳥取署,134.2294325,35.48875747
全事故,鳥取市田園町３丁目,2015/10/5,普通乗用×自転車,軽傷事故,車両相互,鳥取署,134.223184,35.51320711
全事故,米子市宗像,2015/10/6,大型貨物×普通乗用,軽傷事故,車両相互,高速隊,133.3536354,35.41674163
全事故,鳥取市長谷,2015/10/6,普通乗用×軽乗用,軽傷事故,車両相互,鳥取署,134.2034147,35.43383243
全事故,鳥取市鹿野町今市,2015/10/6,軽貨物×軽乗用,軽傷事故,車両相互,浜村署,134.0507932,35.46512312
全事故,米子市和田町,2015/10/6,軽乗用×軽乗用,軽傷事故,車両相互,米子署,133.2661875,35.48894501
全事故,境港市竹内町,2015/10/6,普通乗用×原付車,重傷事故,車両相互,境港署,133.2451085,35.51924362
全事故,鳥取市湖山町北２丁目,2015/10/7,軽乗用×普通乗用,軽傷事故,車両相互,鳥取署,134.1739451,35.52395837
全事故,鳥取市末広温泉町,2015/10/7,普通乗用×軽乗用,軽傷事故,車両相互,鳥取署,134.230268,35.49507319
全事故,八頭郡八頭町郡家,2015/10/8,普通乗用×軽乗用,軽傷事故,車両相互,郡家署,134.2507842,35.41111178
全事故,鳥取市富安２丁目,2015/10/9,普通乗用×自動二輪,軽傷事故,車両相互,鳥取署,134.2305103,35.49105448
全事故,米子市観音寺,2015/10/11,普通乗用×普通乗用,軽傷事故,車両相互,高速隊,133.3618035,35.41758845
全事故,米子市宗像,2015/10/11,普通乗用×普通乗用×普通乗用,軽傷事故,車両相互,高速隊,133.3500169,35.41566272
全事故,日野郡日野町中菅,2015/10/11,普通乗用×普通貨物,軽傷事故,車両相互,黒坂署,133.3869717,35.20356272
全事故,米子市立町３丁目,2015/10/12,普通乗用×普通乗用,軽傷事故,車両相互,米子署,133.3252529,35.43581227
全事故,西伯郡日吉津村大字日吉津,2015/10/12,普通乗用×軽乗用,軽傷事故,車両相互,米子署,133.3892822,35.45198672
全事故,鳥取市扇町,2015/10/13,普通乗用×普通乗用,軽傷事故,車両相互,鳥取署,134.2236223,35.4942976
全事故,鳥取市国安,2015/10/13,対象外当事者×軽乗用,軽傷事故,車両相互,鳥取署,134.2146905,35.46465339
全事故,東伯郡琴浦町大字八橋,2015/10/13,軽貨物×普通乗用,軽傷事故,車両相互,八橋署,133.6791947,35.50396934
全事故,鳥取市南吉方１丁目,2015/10/14,普通乗用×歩行者,軽傷事故,人対車両,鳥取署,134.2319712,35.49177783
全事故,日野郡日南町丸山,2015/10/14,軽貨物×普通乗用,軽傷事故,車両相互,黒坂署,133.2915858,35.15946324
全事故,西伯郡大山町石井垣,2015/10/15,軽貨物×普通乗用,死亡事故,車両相互,高速隊,133.5820685,35.50819207
全事故,鳥取市湖山町南2丁目,2015/10/15,軽乗用×軽乗用,軽傷事故,車両相互,鳥取署,134.1821469,35.51294263
全事故,鳥取市岩吉,2015/10/15,軽乗用×自転車,軽傷事故,車両相互,鳥取署,134.1973046,35.51386388
全事故,米子市西福原一丁目,2015/10/16,普通乗用×普通乗用,軽傷事故,車両相互,米子署,133.3380966,35.44072484
全事故,鳥取市行徳1丁目,2015/10/18,軽乗用×軽乗用×普通乗用,軽傷事故,車両相互,鳥取署,134.2210963,35.49796689
全事故,米子市葭津,2015/10/18,普通乗用×物件等,死亡事故,車両単独,米子署,133.2517398,35.4818789
全事故,米子市富益町,2015/10/18,軽乗用×軽乗用,軽傷事故,車両相互,米子署,133.2834324,35.47490991
全事故,米子市淀江町今津,2015/10/18,軽貨物×軽乗用,軽傷事故,車両相互,米子署,133.4297844,35.46450755
全事故,日野郡日南町多里,2015/10/18,普通乗用×普通乗用,重傷事故,車両相互,黒坂署,133.1993624,35.11191453
全事故,鳥取市鳥取市大覚寺,2015/10/19,普通乗用×歩行者,重傷事故,人対車両,鳥取署,134.2313114,35.47948617
全事故,八頭郡智頭町大字奥本,2015/10/19,自動二輪×相手なし×大型貨物,重傷事故,車両単独,智頭署,134.2022286,35.19568911
全事故,東伯郡三朝町大瀬,2015/10/21,軽乗用×普通乗用,軽傷事故,車両相互,倉吉署,133.8587104,35.40790662
全事故,西伯郡大山町富長,2015/10/21,軽乗用×自転車,軽傷事故,車両相互,八橋署,133.4783992,35.49919384
全事故,鳥取市寺町,2015/10/22,軽乗用×自転車,重傷事故,車両相互,鳥取署,134.2328858,35.49672628
全事故,鳥取市湖山町北２丁目,2015/10/23,普通乗用×軽乗用,軽傷事故,車両相互,鳥取署,134.1752965,35.52223376
全事故,倉吉市中河原,2015/10/23,軽貨物×軽乗用,軽傷事故,車両相互,倉吉署,133.8003574,35.41556628
全事故,八頭郡智頭町大字市瀬,2015/10/25,普通乗用×普通乗用,重傷事故,車両相互,高速隊,134.2103514,35.28654629
全事故,倉吉市八屋,2015/10/25,対象外当事者×自転車,軽傷事故,車両相互,倉吉署,133.8515223,35.44393458
全事故,倉吉市東町,2015/10/26,軽貨物×自転車,軽傷事故,車両相互,倉吉署,133.828398,35.43066792
全事故,鳥取市越路,2015/10/29,軽乗用×自転車,死亡事故,車両相互,鳥取署,134.2316984,35.4417692
全事故,米子市米子市車尾三丁目,2015/10/29,普通乗用×軽乗用,軽傷事故,車両相互,米子署,133.3574451,35.43278289
死亡事故,西伯郡大山町石井垣,2015/10/15,軽貨物×普通乗用,死亡事故,車両相互,高速隊,133.5820685,35.50819207
死亡事故,米子市葭津,2015/10/18,普通乗用×物件等,死亡事故,車両単独,米子署,133.2517398,35.4818789
死亡事故,鳥取市越路,2015/10/29,軽乗用×自転車,死亡事故,車両相互,鳥取署,134.2316984,35.4417692
自転車事故,米子市西福原2丁目,2015/2/18,普通乗用×自転車,軽傷事故,車両相互,米子署,133.3396925,35.44000616
自転車事故,鳥取市大杙,2015/8/18,普通乗用×自転車,軽傷事故,車両相互,鳥取署,134.2448261,35.48613198
自転車事故,岩美郡岩美町大字浦富,2015/9/5,普通貨物×自転車,軽傷事故,車両相互,鳥取署,134.3325744,35.58359921
自転車事故,鳥取市湖山町西１丁目,2015/9/14,普通乗用×自転車,軽傷事故,車両相互,鳥取署,134.1678039,35.52296355
自転車事故,倉吉市八屋,2015/9/15,軽乗用×自転車,重傷事故,車両相互,倉吉署,133.8493228,35.44207718
自転車事故,米子市米原九丁目,2015/9/15,普通乗用×自転車,軽傷事故,車両相互,米子署,133.3289288,35.44592335
自転車事故,西伯郡伯耆町岩立,2015/9/22,軽乗用×自転車,軽傷事故,車両相互,黒坂署,133.5145956,35.36945867
自転車事故,鳥取市吉成,2015/9/28,普通乗用×自転車,軽傷事故,車両相互,鳥取署,134.2323753,35.48275936
自転車事故,米子市旗ヶ崎一丁目,2015/9/30,普通乗用×自転車,軽傷事故,車両相互,米子署,133.3222685,35.43729389
自転車事故,鳥取市吉成１丁目,2015/10/2,普通乗用×自転車,重傷事故,車両相互,鳥取署,134.2212009,35.48644367
自転車事故,鳥取市国府町新通り４丁目,2015/10/3,原付車×自転車,軽傷事故,車両相互,鳥取署,134.2541013,35.48168107
自転車事故,鳥取市湖山町西１丁目,2015/10/4,普通乗用×自転車,重傷事故,車両相互,鳥取署,134.1693346,35.51990065
自転車事故,鳥取市田園町３丁目,2015/10/5,普通乗用×自転車,軽傷事故,車両相互,鳥取署,134.223184,35.51320711
自転車事故,鳥取市岩吉,2015/10/15,軽乗用×自転車,軽傷事故,車両相互,鳥取署,134.1973046,35.51386388
自転車事故,西伯郡大山町富長,2015/10/21,軽乗用×自転車,軽傷事故,車両相互,八橋署,133.4783992,35.49919384
自転車事故,鳥取市寺町,2015/10/22,軽乗用×自転車,重傷事故,車両相互,鳥取署,134.2328858,35.49672628
自転車事故,倉吉市八屋,2015/10/25,対象外当事者×自転車,軽傷事故,車両相互,倉吉署,133.8515223,35.44393458
自転車事故,倉吉市東町,2015/10/26,軽貨物×自転車,軽傷事故,車両相互,倉吉署,133.828398,35.43066792
自転車事故,鳥取市越路,2015/10/29,軽乗用×自転車,死亡事故,車両相互,鳥取署,134.2316984,35.4417692
歩行者事故,鳥取市気高町山宮,2015/9/8,軽乗用×歩行者,軽傷事故,人対車両,浜村署,134.0394618,35.47833911
歩行者事故,東伯郡湯梨浜町大字田後,2015/9/17,軽貨物×歩行者,重傷事故,人対車両,倉吉署,133.8544153,35.48250653
歩行者事故,米子市夜見町,2015/9/22,軽乗用×歩行者,重傷事故,人対車両,米子署,133.301917,35.47304775
歩行者事故,境港市竹内町,2015/9/25,普通乗用×歩行者×歩行者,軽傷事故,人対車両,境港署,133.2365493,35.5221346
歩行者事故,鳥取市栄町,2015/9/29,普通貨物×歩行者,軽傷事故,人対車両,鳥取署,134.2273353,35.496267
歩行者事故,倉吉市駄経寺町,2015/9/29,軽貨物×歩行者,重傷事故,人対車両,倉吉署,133.8348024,35.43133821
歩行者事故,東伯郡琴浦町丸尾,2015/9/30,普通乗用×歩行者,軽傷事故,人対車両,八橋署,133.6899477,35.50201944
歩行者事故,東伯郡湯梨浜町大字長和田,2015/10/2,軽乗用×歩行者,軽傷事故,人対車両,倉吉署,133.879846,35.46291863
歩行者事故,米子市観音寺新町一丁目,2015/10/3,軽乗用×歩行者,重傷事故,人対車両,米子署,133.3542408,35.42569992
歩行者事故,鳥取市南吉方１丁目,2015/10/14,普通乗用×歩行者,軽傷事故,人対車両,鳥取署,134.2319712,35.49177783
歩行者事故,鳥取市鳥取市大覚寺,2015/10/19,普通乗用×歩行者,重傷事故,人対車両,鳥取署,134.2313114,35.47948617
全事故,鳥取市吉成南町1丁目,2015/4/21,普通乗用×普通乗用,軽傷事故,車両相互,鳥取署,134.218571,35.48005172
全事故,境港市渡町,2015/5/29,普通乗用×普通乗用,軽傷事故,車両相互,境港署,133.214875,35.51863892
全事故,米子市両三柳,2015/9/17,普通乗用×軽乗用,軽傷事故,車両相互,米子署,133.3227898,35.44684755
全事故,米子市東福原８丁目,2015/9/21,普通乗用×軽乗用,軽傷事故,車両相互,米子署,133.3483444,35.45339171
全事故,米子市皆生新田2丁目,2015/9/22,軽乗用×軽乗用,軽傷事故,車両相互,米子署,133.3698611,35.44854494
全事故,米子市中島２丁目,2015/9/22,軽乗用×歩行者,重傷事故,人対車両,米子署,133.3501068,35.4339253
全事故,鳥取市布勢,2015/10/3,普通乗用×自転車,重傷事故,車両相互,鳥取署,134.1782744,35.50145799
全事故,東伯郡湯梨浜町赤池,2015/10/5,軽乗用×軽乗用,重傷事故,車両相互,倉吉署,133.8765065,35.49725862
全事故,鳥取市雲山,2015/10/6,軽乗用×軽乗用,軽傷事故,車両相互,鳥取署,134.2375935,35.47481576
全事故,米子市米原九丁目,2015/10/9,普通乗用×軽乗用,軽傷事故,車両相互,米子署,133.3292343,35.44972297
全事故,鳥取市古海,2015/10/10,軽乗用×普通乗用×軽乗用,軽傷事故,車両相互,鳥取署,134.2123867,35.4971276
全事故,米子市宗像,2015/10/11,大型乗用×普通乗用×普通乗用×普通乗用×普通乗用,軽傷事故,車両相互,高速隊,133.35049,35.41582868
全事故,東伯郡琴浦町別所,2015/10/11,普通貨物×歩行者,重傷事故,人対車両,八橋署,133.6617835,35.50705433
全事故,米子市河崎,2015/10/12,軽乗用×普通乗用,軽傷事故,車両相互,米子署,133.3110239,35.46306566
全事故,米子市冨士見町2丁目,2015/10/13,軽乗用×軽乗用,軽傷事故,車両相互,米子署,133.3343171,35.43241814
全事故,米子市旗ヶ崎五丁目,2015/10/14,軽乗用×軽貨物×歩行者,軽傷事故,車両相互,米子署,133.3104929,35.44089109
全事故,米子市皆生温泉四丁目,2015/10/15,普通乗用×自転車,軽傷事故,車両相互,米子署,133.360787,35.45675607
全事故,鳥取市気高町宝木,2015/10/17,普通乗用×普通乗用×軽乗用,重傷事故,車両相互,浜村署,134.0830024,35.51894366
全事故,東伯郡湯梨浜町大字久留,2015/10/18,軽乗用×原付車,軽傷事故,車両相互,倉吉署,133.8627917,35.48844196
全事故,米子市陰田町,2015/10/19,普通乗用×普通乗用,軽傷事故,車両相互,米子署,133.3314116,35.41142381
全事故,鳥取市東品治町,2015/10/20,自動二輪×軽乗用,軽傷事故,車両相互,鳥取署,134.2236301,35.49427384
全事故,倉吉市西倉吉町,2015/10/20,大型乗用×普通乗用,軽傷事故,車両相互,倉吉署,133.804175,35.42847319
全事故,鳥取市古海,2015/10/21,中型貨物×普通乗用,軽傷事故,車両相互,鳥取署,134.2067711,35.49788748
全事故,鳥取市行徳3丁目,2015/10/22,普通乗用×自転車,軽傷事故,車両相互,鳥取署,134.2246777,35.50021971
全事故,西伯郡大山町安原,2015/10/22,軽乗用×自転車,重傷事故,車両相互,八橋署,133.4406046,35.47162005
全事故,鳥取市河原町八日市,2015/10/24,普通乗用×普通乗用,軽傷事故,車両相互,高速隊,134.2047944,35.37856532
全事故,鳥取市南吉方１丁目,2015/10/24,普通乗用×自転車,重傷事故,車両相互,鳥取署,134.2336939,35.48833141
全事故,鳥取市気高町奥沢見,2015/10/24,自動二輪×相手なし,軽傷事故,車両単独,浜村署,134.1003311,35.52156659
全事故,倉吉市昭和町2丁目,2015/10/24,普通乗用×軽乗用,軽傷事故,車両相互,倉吉署,133.8369552,35.43521964
全事故,鳥取市安長,2015/10/25,軽乗用×軽貨物×普通乗用,軽傷事故,車両相互,鳥取署,134.2017105,35.50993406
全事故,鳥取市湖山町東５丁目,2015/10/26,普通乗用×普通乗用,軽傷事故,車両相互,鳥取署,134.1919422,35.51449942
全事故,倉吉市山根,2015/10/26,普通乗用×自転車,軽傷事故,車両相互,倉吉署,133.8464852,35.44932984
全事故,米子市米原5丁目,2015/10/27,普通乗用×普通乗用,軽傷事故,車両相互,米子署,133.3281714,35.44421039
全事故,鳥取市吉方温泉3丁目,2015/10/28,普通乗用×軽貨物,軽傷事故,車両相互,鳥取署,134.2319256,35.49203334
全事故,鳥取市本町１丁目,2015/10/28,軽乗用×自転車×自転車,軽傷事故,車両相互,鳥取署,134.2323671,35.50138803
全事故,米子市長砂町,2015/10/30,大型乗用×普通乗用,軽傷事故,車両相互,高速隊,133.3587181,35.41739154
全事故,鳥取市気高町宝木,2015/10/30,普通乗用×軽貨物×大型貨物,軽傷事故,車両相互,浜村署,134.0811966,35.51829584
全事故,倉吉市海田東町,2015/10/30,自転車×歩行者,軽傷事故,人対車両,倉吉署,133.8449958,35.45845382
全事故,鳥取市相生町2丁目,2015/10/31,普通乗用×自転車,軽傷事故,車両相互,鳥取署,134.2266563,35.50672014
全事故,倉吉市旭田町,2015/11/2,軽乗用×歩行者,軽傷事故,人対車両,倉吉署,133.8177868,35.4354033
全事故,倉吉市住吉町,2015/11/3,普通乗用×軽乗用,軽傷事故,車両相互,倉吉署,133.8331813,35.4323437
全事故,鳥取市吉方温泉４丁目,2015/11/4,軽乗用×自転車,軽傷事故,車両相互,鳥取署,134.2391378,35.4873858
全事故,鳥取市面影１丁目,2015/11/4,原付車×自転車,重傷事故,車両相互,鳥取署,134.2500863,35.47834369
全事故,東伯郡湯梨浜町大字上浅津,2015/11/4,軽乗用×原付車,重傷事故,車両相互,倉吉署,133.8793803,35.48523448
全事故,倉吉市米田町,2015/11/4,軽乗用×歩行者,重傷事故,人対車両,倉吉署,133.8427846,35.42746118
全事故,岩美郡岩美町大字岩本,2015/11/5,普通乗用×自転車,重傷事故,車両相互,鳥取署,134.3046575,35.57966003
全事故,鳥取市商栄町,2015/11/6,普通乗用×普通乗用,軽傷事故,車両相互,鳥取署,134.210037,35.51254571
全事故,米子市上福原二丁目,2015/11/6,軽乗用×軽乗用,軽傷事故,車両相互,米子署,133.360905,35.44525051
全事故,米子市東福原二丁目,2015/11/6,普通乗用×自転車,軽傷事故,車両相互,米子署,133.343177,35.44034652
全事故,東伯郡琴浦町八橋,2015/11/7,軽貨物×普通貨物,軽傷事故,車両相互,八橋署,133.6750668,35.50382086
全事故,米子市和田町,2015/11/7,普通乗用×普通乗用,軽傷事故,車両相互,米子署,133.2714153,35.49023129
全事故,米子市東福原八丁目,2015/11/7,軽乗用×歩行者,軽傷事故,人対車両,米子署,133.3496199,35.4523887
全事故,日野郡日野町濁谷,2015/11/7,大型貨物×物件等,死亡事故,車両単独,黒坂署,133.4408417,35.21640376
全事故,東伯郡湯梨浜町大字龍島,2015/11/8,普通乗用×普通乗用,軽傷事故,車両相互,倉吉署,133.898521,35.46679658
全事故,鳥取市小沢見,2015/11/9,普通乗用×普通乗用,軽傷事故,車両相互,鳥取署,134.1074985,35.52225197
全事故,鳥取市正蓮寺,2015/11/9,普通乗用×軽乗用×普通乗用,軽傷事故,車両相互,鳥取署,134.2432803,35.47329809
全事故,倉吉市東巖城町,2015/11/9,普通乗用×軽乗用,軽傷事故,車両相互,倉吉署,133.8431074,35.43914231
全事故,米子市両三柳,2015/11/9,軽乗用×自転車,軽傷事故,車両相互,米子署,133.3132663,35.45531845
全事故,東伯郡北栄町由良宿,2015/11/11,普通乗用×軽乗用,軽傷事故,車両相互,倉吉署,133.7527543,35.49240852
全事故,鳥取市湖山町南1丁目,2015/11/12,軽乗用×普通乗用,軽傷事故,車両相互,鳥取署,134.177002,35.51532066
全事故,鳥取市気高町宝木,2015/11/12,軽乗用×歩行者,重傷事故,人対車両,浜村署,134.0794243,35.51606534
全事故,鳥取市緑ケ丘３丁目,2015/11/14,軽乗用×普通乗用,軽傷事故,車両相互,鳥取署,134.2020781,35.50980992
全事故,米子市二本木,2015/11/16,中型貨物×普通乗用,軽傷事故,車両相互,米子署,133.3889532,35.44283566
全事故,境港市渡町,2015/11/17,普通乗用×普通乗用,軽傷事故,車両相互,境港署,133.2136374,35.52246342
全事故,鳥取市古海,2015/11/18,軽乗用×普通乗用,軽傷事故,車両相互,鳥取署,134.2123274,35.49695317
全事故,八頭郡八頭町郡家,2015/11/19,軽貨物×普通乗用,軽傷事故,車両相互,郡家署,134.250634,35.41135005
全事故,日野郡日南町新屋,2015/11/19,普通貨物×歩行者,重傷事故,人対車両,黒坂署,133.1936168,35.10652334
全事故,鳥取市緑ケ丘１丁目,2015/11/20,軽乗用×軽乗用,軽傷事故,車両相互,鳥取署,134.215016,35.49983803
全事故,東伯郡北栄町江北,2015/11/21,軽貨物×軽乗用,軽傷事故,車両相互,倉吉署,133.8331506,35.48203927
全事故,米子市皆生温泉三丁目,2015/11/25,普通乗用×歩行者,軽傷事故,人対車両,米子署,133.3617276,35.45781573
全事故,倉吉市伊木,2015/11/26,普通乗用×普通乗用,軽傷事故,車両相互,倉吉署,133.8464015,35.44650904
全事故,米子市福万,2015/11/26,普通乗用×軽貨物,軽傷事故,車両相互,米子署,133.4120091,35.40168645
全事故,鳥取市安長,2015/11/27,普通乗用×軽乗用,軽傷事故,車両相互,鳥取署,134.1981646,35.50999782
全事故,倉吉市海田西町2丁目,2015/11/28,軽乗用×自転車,重傷事故,車両相互,倉吉署,133.8449268,35.46355908
全事故,鳥取市千代水１丁目,2015/11/29,普通乗用×軽乗用,軽傷事故,車両相互,鳥取署,134.2045999,35.51651465
死亡事故,日野郡日野町濁谷,2015/11/7,大型貨物×物件等,死亡事故,車両単独,黒坂署,133.4408417,35.21640376
自転車事故,鳥取市相生町2丁目,2015/10/31,普通乗用×自転車,軽傷事故,車両相互,鳥取署,134.2266563,35.50672014
自転車事故,鳥取市布勢,2015/10/3,普通乗用×自転車,重傷事故,車両相互,鳥取署,134.1782744,35.50145799
自転車事故,鳥取市吉方温泉４丁目,2015/11/4,軽乗用×自転車,軽傷事故,車両相互,鳥取署,134.2391378,35.4873858
自転車事故,鳥取市行徳3丁目,2015/10/22,普通乗用×自転車,軽傷事故,車両相互,鳥取署,134.2246777,35.50021971
自転車事故,鳥取市面影１丁目,2015/11/4,原付車×自転車,重傷事故,車両相互,鳥取署,134.2500863,35.47834369
自転車事故,鳥取市本町１丁目,2015/10/28,軽乗用×自転車×自転車,軽傷事故,車両相互,鳥取署,134.2323671,35.50138803
自転車事故,岩美郡岩美町大字岩本,2015/11/5,普通乗用×自転車,重傷事故,車両相互,鳥取署,134.3046575,35.57966003
自転車事故,鳥取市南吉方１丁目,2015/10/24,普通乗用×自転車,重傷事故,車両相互,鳥取署,134.2336939,35.48833141
自転車事故,倉吉市山根,2015/10/26,普通乗用×自転車,軽傷事故,車両相互,倉吉署,133.8464852,35.44932984
自転車事故,倉吉市海田東町,2015/10/30,自転車×歩行者,軽傷事故,人対車両,倉吉署,133.8449958,35.45845382
自転車事故,倉吉市海田西町2丁目,2015/11/28,軽乗用×自転車,重傷事故,車両相互,倉吉署,133.8449268,35.46355908
自転車事故,西伯郡大山町安原,2015/10/22,軽乗用×自転車,重傷事故,車両相互,八橋署,133.4406046,35.47162005
自転車事故,米子市皆生温泉四丁目,2015/10/15,普通乗用×自転車,軽傷事故,車両相互,米子署,133.360787,35.45675607
自転車事故,米子市東福原二丁目,2015/11/6,普通乗用×自転車,軽傷事故,車両相互,米子署,133.343177,35.44034652
自転車事故,米子市両三柳,2015/11/9,軽乗用×自転車,軽傷事故,車両相互,米子署,133.3132663,35.45531845
歩行者事故,鳥取市気高町宝木,2015/11/12,軽乗用×歩行者,重傷事故,人対車両,浜村署,134.0794243,35.51606534
歩行者事故,倉吉市海田東町,2015/10/30,自転車×歩行者,軽傷事故,人対車両,倉吉署,133.8449958,35.45845382
歩行者事故,倉吉市米田町,2015/11/4,軽乗用×歩行者,重傷事故,人対車両,倉吉署,133.8427846,35.42746118
歩行者事故,倉吉市旭田町,2015/11/2,軽乗用×歩行者,軽傷事故,人対車両,倉吉署,133.8177868,35.4354033
歩行者事故,東伯郡琴浦町別所,2015/10/11,普通貨物×歩行者,重傷事故,人対車両,八橋署,133.6617835,35.50705433
歩行者事故,米子市東福原八丁目,2015/11/7,軽乗用×歩行者,軽傷事故,人対車両,米子署,133.3496199,35.4523887
歩行者事故,米子市旗ヶ崎五丁目,2015/10/14,軽乗用×軽貨物,軽傷事故,車両相互,米子署,133.3104929,35.44089109
歩行者事故,米子市中島２丁目,2015/9/22,軽乗用×歩行者,重傷事故,人対車両,米子署,133.3501068,35.4339253
歩行者事故,米子市皆生温泉三丁目,2015/11/25,普通乗用×歩行者,軽傷事故,人対車両,米子署,133.3617276,35.45781573
歩行者事故,日野郡日南町新屋,2015/11/19,普通貨物×歩行者,重傷事故,人対車両,黒坂署,133.1936168,35.10652334
全事故,西伯郡大山町名和,2014/12/19,普通乗用×普通乗用,重傷事故,車両相互,高速隊,133.5066932,35.50153143
全事故,境港市外江町,2015/5/17,軽乗用×軽乗用,軽傷事故,車両相互,境港署,133.212023,35.52584421
全事故,岩美郡岩美町陸上,2015/8/15,普通乗用×軽乗用,軽傷事故,車両相互,鳥取署,134.3656927,35.59980956
全事故,米子市兼久,2015/10/10,軽乗用×普通乗用,重傷事故,車両相互,米子署,133.3629505,35.40826305
全事故,米子市糀町二丁目,2015/10/15,軽乗用×自転車,軽傷事故,車両相互,米子署,133.3386398,35.42898925
全事故,米子市安倍,2015/10/15,普通乗用×軽乗用,軽傷事故,車両相互,米子署,133.3066712,35.44254263
全事故,米子市淀江町佐陀,2015/10/24,軽乗用×普通乗用,軽傷事故,車両相互,米子署,133.3970049,35.44591042
全事故,米子市皆生新田二丁目,2015/10/27,普通乗用×原付車,軽傷事故,車両相互,米子署,133.3695065,35.45178326
全事故,西伯郡南部町東町,2015/10/28,普通乗用×自転車,軽傷事故,車両相互,米子署,133.3412272,35.37994359
全事故,米子市皆生三丁目,2015/11/1,軽乗用×自転車×自転車,軽傷事故,車両相互,米子署,133.3642034,35.44838775
全事故,米子市長砂町,2015/11/1,自動二輪×普通乗用,重傷事故,車両相互,米子署,133.3560047,35.41684949
全事故,米子市末広町,2015/11/4,普通乗用×自転車,軽傷事故,車両相互,米子署,133.3333097,35.42363192
全事故,日野郡江府町大字大河原,2015/11/4,普通乗用×歩行者,重傷事故,人対車両,黒坂署,133.5495558,35.34582869
全事故,日野郡日野町濁谷,2015/11/6,軽乗用×軽貨物,重傷事故,車両相互,黒坂署,133.4407169,35.21585659
全事故,倉吉市海田西町1丁目,2015/11/7,軽乗用×普通乗用,軽傷事故,車両相互,倉吉署,133.8445368,35.46365756
全事故,鳥取市江津,2015/11/9,普通乗用×普通乗用,軽傷事故,車両相互,鳥取署,134.2137196,35.52230183
全事故,西伯郡伯耆町大殿,2015/11/9,普通乗用×自転車,重傷事故,車両相互,黒坂署,133.4000975,35.38676608
全事故,米子市西福原九丁目,2015/11/10,軽乗用×普通乗用,軽傷事故,車両相互,米子署,133.3384308,35.45593283
全事故,境港市美保町,2015/11/11,軽乗用×軽乗用,軽傷事故,車両相互,境港署,133.2474691,35.51968915
全事故,鳥取市杉崎,2015/11/13,原付車×歩行者,軽傷事故,人対車両,鳥取署,134.2480258,35.46560421
全事故,鳥取市里仁,2015/11/14,軽乗用×原付車,軽傷事故,車両相互,鳥取署,134.1871864,35.50210896
全事故,境港市蓮池町,2015/11/15,普通乗用×歩行者,重傷事故,人対車両,境港署,133.2242063,35.53937168
全事故,米子市淀江町西原,2015/11/16,普通乗用×軽乗用,軽傷事故,車両相互,米子署,133.4244391,35.45694868
全事故,鳥取市国府町国分寺,2015/11/17,普通乗用×普通乗用,軽傷事故,車両相互,鳥取署,134.260493,35.46798107
全事故,鳥取市気高町北浜1丁目,2015/11/18,軽乗用×軽乗用,軽傷事故,車両相互,浜村署,134.0456385,35.51381593
全事故,米子市角盤町一丁目,2015/11/18,普通乗用×普通乗用,軽傷事故,車両相互,米子署,133.3323422,35.43170166
全事故,米子市淀江町今津,2015/11/19,軽乗用×普通乗用,軽傷事故,車両相互,米子署,133.4312835,35.4658688
全事故,米子市末広町,2015/11/19,普通乗用×歩行者,軽傷事故,人対車両,米子署,133.3329537,35.42205873
全事故,米子市両三柳,2015/11/19,普通乗用×自転車,軽傷事故,車両相互,米子署,133.3218667,35.45578614
全事故,米子市立町三丁目,2015/11/20,普通乗用×軽乗用,軽傷事故,車両相互,米子署,133.3251813,35.43586437
全事故,鳥取市気高町八束水,2015/11/21,普通貨物×軽乗用×軽乗用,軽傷事故,車両相互,浜村署,134.027368,35.51843369
全事故,鳥取市伏野,2015/11/22,軽乗用×普通貨物,軽傷事故,車両相互,鳥取署,134.1441885,35.52517922
全事故,米子市東福原七丁目,2015/11/22,軽乗用×自転車,軽傷事故,車両相互,米子署,133.3510718,35.44785714
全事故,米子市車尾南１丁目,2015/11/22,普通乗用×普通乗用,軽傷事故,車両相互,米子署,133.3575054,35.42731876
全事故,鳥取市里仁,2015/11/23,軽乗用×普通乗用,軽傷事故,車両相互,鳥取署,134.1849628,35.50137091
全事故,鳥取市富安2丁目,2015/11/25,軽乗用×自転車,重傷事故,車両相互,鳥取署,134.2266646,35.49239956
全事故,鳥取市正蓮寺,2015/11/25,普通乗用×普通乗用,軽傷事故,車両相互,鳥取署,134.2428136,35.47383718
全事故,日野郡日野町根雨,2015/11/25,普通乗用×歩行者,重傷事故,人対車両,黒坂署,133.4413878,35.24238486
全事故,鳥取市賀露町北４丁目,2015/11/26,普通乗用×相手なし,死亡事故,車両単独,鳥取署,134.1863978,35.53842263
全事故,鳥取市湖山町北２丁目,2015/11/27,普通乗用×自動二輪,軽傷事故,車両相互,鳥取署,134.1727114,35.51894423
全事故,鳥取市古海,2015/11/27,軽貨物×普通乗用,重傷事故,車両相互,鳥取署,134.2087304,35.49758002
全事故,倉吉市海田西町1丁目,2015/11/27,普通乗用×歩行者,軽傷事故,人対車両,倉吉署,133.8440083,35.46216515
全事故,米子市上後藤5丁目,2015/11/27,軽乗用×軽貨物,軽傷事故,車両相互,米子署,133.31516,35.44839265
全事故,米子市上福原五丁目,2015/11/27,普通乗用×軽乗用,軽傷事故,車両相互,米子署,133.3524648,35.44748126
全事故,鳥取市雲山,2015/11/29,普通乗用×普通乗用,軽傷事故,車両相互,鳥取署,134.2416593,35.47566375
全事故,鳥取市秋里,2015/11/30,軽乗用×軽乗用,軽傷事故,車両相互,鳥取署,134.2130187,35.51307411
全事故,東伯郡湯梨浜町大字田後,2015/11/30,軽貨物×軽乗用,軽傷事故,車両相互,倉吉署,133.864386,35.4834059
全事故,倉吉市新町1丁目,2015/11/30,普通乗用×歩行者,軽傷事故,人対車両,倉吉署,133.823923,35.43271283
全事故,東伯郡北栄町松神,2015/11/30,普通乗用×普通貨物,軽傷事故,車両相互,倉吉署,133.7948124,35.48598106
全事故,米子市西福原二丁目,2015/11/30,軽乗用×軽乗用,軽傷事故,車両相互,米子署,133.3413859,35.44101543
全事故,米子市両三柳,2015/11/30,軽乗用×軽乗用,軽傷事故,車両相互,米子署,133.3331573,35.45538426
全事故,米子市日ノ出町１丁目,2015/11/30,普通乗用×軽乗用,軽傷事故,車両相互,米子署,133.3364389,35.4354033
全事故,東伯郡湯梨浜町大字佐美,2015/12/1,対象外当事者×軽乗用,軽傷事故,車両相互,倉吉署,133.8637173,35.45359722
全事故,倉吉市大塚,2015/12/2,原付車×歩行者,軽傷事故,人対車両,倉吉署,133.8385316,35.47615277
全事故,米子市博労町1丁目,2015/12/2,普通乗用×普通乗用,軽傷事故,車両相互,米子署,133.3389944,35.4289319
全事故,西伯郡日吉津村日吉津,2015/12/2,普通乗用×普通乗用,軽傷事故,車両相互,米子署,133.3824716,35.44545346
全事故,境港市外江町,2015/12/2,軽乗用×自転車,死亡事故,車両相互,境港署,133.2120608,35.52587095
全事故,倉吉市大正町,2015/12/3,普通乗用×軽乗用,軽傷事故,車両相互,倉吉署,133.8216128,35.43478278
全事故,米子市皆生五丁目,2015/12/3,普通乗用×歩行者,軽傷事故,人対車両,米子署,133.3610872,35.44657669
全事故,米子市両三柳,2015/12/3,普通乗用×軽乗用,軽傷事故,車両相互,米子署,133.3264824,35.44920512
全事故,鳥取市伏野,2015/12/4,普通乗用×歩行者,軽傷事故,人対車両,鳥取署,134.1387729,35.52544527
全事故,鳥取市古海,2015/12/4,普通乗用×歩行者,重傷事故,人対車両,鳥取署,134.2034557,35.49592227
全事故,倉吉市見日町,2015/12/5,普通乗用×歩行者,重傷事故,人対車両,倉吉署,133.8393886,35.43873781
全事故,東伯郡北栄町弓原,2015/12/5,軽乗用×普通乗用,軽傷事故,車両相互,倉吉署,133.8145658,35.498713
全事故,東伯郡北栄町由良宿,2015/12/5,大型貨物×軽貨物,軽傷事故,車両相互,倉吉署,133.7562083,35.49163347
全事故,倉吉市和田,2015/12/5,軽乗用×普通乗用,軽傷事故,車両相互,倉吉署,133.8099508,35.44651551
全事故,米子市諏訪,2015/12/5,軽乗用×軽貨物×中型貨物,軽傷事故,車両相互,米子署,133.3863072,35.39416791
全事故,鳥取市千代水4丁目,2015/12/6,普通乗用×普通乗用,軽傷事故,車両相互,鳥取署,134.1923681,35.51723732
全事故,鳥取市安長,2015/12/6,軽乗用×自転車,軽傷事故,車両相互,鳥取署,134.2032037,35.51323331
全事故,鳥取市鍛治町,2015/12/7,軽乗用×歩行者,軽傷事故,人対車両,鳥取署,134.2346627,35.49958135
全事故,米子市旗ヶ崎二丁目,2015/12/7,軽貨物×軽乗用,軽傷事故,車両相互,米子署,133.3190136,35.43518275
全事故,米子市富益町,2015/12/7,普通乗用×軽乗用,軽傷事故,車両相互,米子署,133.2807317,35.47673833
全事故,西伯郡伯耆町溝口,2015/12/7,普通乗用×軽貨物,軽傷事故,車両相互,黒坂署,133.4325816,35.35064913
全事故,八頭郡智頭町山根,2015/12/8,軽乗用×中型貨物,死亡事故,車両相互,智頭署,134.2275071,35.2599845
全事故,米子市旗ヶ崎六丁目,2015/12/8,普通乗用×軽乗用,軽傷事故,車両相互,米子署,133.3134283,35.43710819
全事故,鳥取市元町,2015/12/9,軽貨物×軽乗用,軽傷事故,車両相互,鳥取署,134.2281946,35.49981618
全事故,鳥取市青谷町亀尻,2015/12/9,軽乗用×歩行者,死亡事故,人対車両,浜村署,133.9859102,35.50500353
全事故,鳥取市気高町浜村,2015/12/9,軽乗用×普通乗用,重傷事故,車両相互,浜村署,134.0547259,35.51816267
全事故,米子市道笑町四丁目,2015/12/9,普通乗用×普通乗用,軽傷事故,車両相互,米子署,133.346534,35.42355787
全事故,米子市旗ヶ崎二丁目,2015/12/9,普通乗用×軽乗用,軽傷事故,車両相互,米子署,133.3164831,35.43856124
全事故,米子市両三柳,2015/12/9,普通乗用×軽乗用,軽傷事故,車両相互,米子署,133.3152796,35.45333258
全事故,鳥取市伏野,2015/12/10,軽乗用×軽乗用,軽傷事故,車両相互,鳥取署,134.1441861,35.52518987
全事故,鳥取市幸町,2015/12/10,普通乗用×軽乗用,軽傷事故,車両相互,鳥取署,134.2170444,35.49629154
全事故,東伯郡北栄町妻波,2015/12/10,軽貨物×普通乗用,軽傷事故,車両相互,倉吉署,133.7367294,35.47315452
全事故,西伯郡日吉津村大字富吉,2015/12/10,普通乗用×普通乗用,軽傷事故,車両相互,米子署,133.3718352,35.43671487
全事故,米子市道笑町四丁目,2015/12/10,軽乗用×軽乗用,軽傷事故,車両相互,米子署,133.3476388,35.42512046
全事故,鳥取市幸町,2015/12/11,軽乗用×普通乗用×普通乗用,軽傷事故,車両相互,鳥取署,134.2174935,35.49598084
全事故,鳥取市今町２丁目,2015/12/11,対象外当事者×普通乗用,軽傷事故,車両相互,鳥取署,134.2234825,35.49559284
全事故,鳥取市行徳,2015/12/11,軽乗用×歩行者,重傷事故,人対車両,鳥取署,134.2225164,35.49874619
全事故,鳥取市茶町２０２,2015/12/11,軽乗用×歩行者,重傷事故,人対車両,鳥取署,134.2305468,35.501692
全事故,東伯郡湯梨浜町大字久留,2015/12/11,普通乗用×歩行者,重傷事故,人対車両,倉吉署,133.8640857,35.48879415
全事故,倉吉市耳,2015/12/11,対象外当事者×普通乗用,軽傷事故,車両相互,倉吉署,133.7751067,35.37872286
全事故,東伯郡湯梨浜町大字田後,2015/12/11,軽乗用×歩行者,軽傷事故,人対車両,倉吉署,133.8553872,35.48230337
全事故,米子市福市,2015/12/11,軽貨物×軽乗用,重傷事故,車両相互,米子署,133.3740656,35.39820146
全事故,鳥取市千代水2丁目,2015/12/12,軽乗用×軽乗用,軽傷事故,車両相互,鳥取署,134.2021336,35.51645998
全事故,鳥取市湖山町北6丁目,2015/12/12,普通乗用×歩行者,軽傷事故,人対車両,鳥取署,134.1820887,35.5187391
全事故,倉吉市上井町１丁目,2015/12/12,普通乗用×歩行者×歩行者,死亡事故,人対車両,倉吉署,133.8495984,35.45298519
全事故,東伯郡湯梨浜町大字長和田,2015/12/12,軽乗用×歩行者,軽傷事故,人対車両,倉吉署,133.8764732,35.46307134
全事故,米子市米原五丁目,2015/12/12,原付車×普通乗用,軽傷事故,車両相互,米子署,133.3293647,35.44543826
全事故,倉吉市山根,2015/12/13,普通乗用×軽乗用,軽傷事故,車両相互,倉吉署,133.8493841,35.44906065
全事故,鳥取市末広温泉町,2015/12/14,軽貨物×歩行者,軽傷事故,人対車両,鳥取署,134.2320833,35.49421462
全事故,米子市水浜,2015/12/14,軽乗用×歩行者,軽傷事故,人対車両,米子署,133.3917323,35.40277356
全事故,倉吉市大原,2015/12/15,軽乗用×軽貨物×軽貨物,軽傷事故,車両相互,倉吉署,133.8579148,35.41133217
全事故,東伯郡北栄町瀬戸,2015/12/15,普通貨物×普通乗用,軽傷事故,車両相互,倉吉署,133.7720365,35.4841836
全事故,米子市二本木,2015/12/15,普通乗用×普通乗用,軽傷事故,車両相互,米子署,133.3892109,35.44255832
全事故,鳥取市雲山,2015/12/16,軽乗用×軽乗用×軽乗用,軽傷事故,車両相互,鳥取署,134.2380908,35.47378074
全事故,鳥取市天神町,2015/12/16,軽貨物×普通乗用,軽傷事故,車両相互,鳥取署,134.2213505,35.49274491
全事故,東伯郡北栄町西園,2015/12/17,軽貨物×普通乗用,軽傷事故,車両相互,倉吉署,133.7739194,35.49832142
全事故,米子市米原8丁目,2015/12/17,軽乗用×普通乗用,軽傷事故,車両相互,米子署,133.330816,35.45004014
全事故,米子市夜見町,2015/12/17,軽乗用×軽乗用×軽乗用,軽傷事故,車両相互,米子署,133.3080771,35.46767288
全事故,鳥取市松並町２丁目,2015/12/18,普通乗用×自転車,軽傷事故,車両相互,鳥取署,134.2184982,35.51645793
全事故,東伯郡琴浦町出上,2015/12/18,中型貨物×軽貨物,重傷事故,車両相互,八橋署,133.6335271,35.5022001
全事故,東伯郡湯梨浜町大字久留,2015/12/19,軽乗用×軽乗用,軽傷事故,車両相互,倉吉署,133.8642298,35.48881852
全事故,倉吉市下田中町,2015/12/20,普通乗用×軽乗用,軽傷事故,車両相互,倉吉署,133.844499,35.42816529
全事故,倉吉市河北町,2015/12/20,普通乗用×自転車,軽傷事故,車両相互,倉吉署,133.8448299,35.46379978
全事故,米子市石井,2015/12/20,軽乗用×歩行者,軽傷事故,人対車両,米子署,133.3449703,35.40480016
全事故,鳥取市吉方温泉４丁目,2015/12/21,軽乗用×自転車,軽傷事故,車両相互,鳥取署,134.239258,35.48752567
全事故,境港市昭和町,2015/12/21,軽貨物×軽乗用,軽傷事故,車両相互,境港署,133.2474858,35.54494334
全事故,鳥取市賀露町南１丁目,2015/12/22,普通乗用×相手なし,軽傷事故,車両単独,鳥取署,134.1872915,35.52624244
全事故,八頭郡八頭町奥谷,2015/12/22,軽乗用×歩行者,死亡事故,人対車両,郡家署,134.255183,35.41385303
全事故,倉吉市和田,2015/12/23,普通乗用×軽貨物×軽乗用,軽傷事故,車両相互,倉吉署,133.8124171,35.43913178
全事故,米子市米原7丁目,2015/12/23,軽乗用×普通乗用,軽傷事故,車両相互,米子署,133.3295398,35.44751364
全事故,日野郡日野町本郷,2015/12/23,軽乗用×歩行者,死亡事故,人対車両,黒坂署,133.4307031,35.23771229
全事故,鳥取市湖山町東4丁目,2015/12/24,軽乗用×軽乗用,軽傷事故,車両相互,鳥取署,134.1920023,35.51709297
全事故,鳥取市湯所町１丁目,2015/12/25,軽乗用×普通乗用,軽傷事故,車両相互,鳥取署,134.2378586,35.51350639
全事故,東伯郡湯梨浜町大字長江,2015/12/25,軽乗用×軽乗用,重傷事故,車両相互,倉吉署,133.8693105,35.47728194
全事故,東伯郡琴浦町大字笠見,2015/12/26,軽貨物×相手なし,重傷事故,車両単独,高速隊,133.6793855,35.48686723
全事故,東伯郡湯梨浜町大字藤津,2015/12/28,軽貨物×普通乗用軽乗用,死亡事故,車両相互,倉吉署,133.9095779,35.47710471
全事故,倉吉市河原町,2015/12/28,軽貨物×軽乗用,軽傷事故,車両相互,倉吉署,133.8093586,35.42972132
全事故,倉吉市巌城1,2015/12/28,軽乗用×普通乗用,軽傷事故,車両相互,倉吉署,133.8387135,35.44168624
全事故,東伯郡北栄町東園,2015/12/28,軽貨物×自転車,軽傷事故,車両相互,倉吉署,133.7840353,35.48715605
死亡事故,鳥取市賀露町北４丁目,2015/11/26,普通乗用×相手なし,死亡事故,車両単独,鳥取署,134.1863978,35.53842263
死亡事故,八頭郡八頭町奥谷,2015/12/22,軽乗用×歩行者,死亡事故,人対車両,郡家署,134.255183,35.41385303
死亡事故,八頭郡智頭町山根,2015/12/8,軽乗用×中型貨物,死亡事故,車両相互,智頭署,134.2275071,35.2599845
死亡事故,鳥取市青谷町亀尻,2015/12/9,軽乗用×歩行者,死亡事故,人対車両,浜村署,133.9859102,35.50500353
死亡事故,倉吉市上井町１丁目,2015/12/12,普通乗用×歩行者×歩行者,死亡事故,人対車両,倉吉署,133.8495984,35.45298519
死亡事故,東伯郡湯梨浜町大字藤津,2015/12/28,軽貨物×普通乗用×軽乗用,死亡事故,車両相互,倉吉署,133.9095779,35.47710471
死亡事故,境港市外江町,2015/12/2,軽乗用×自転車,死亡事故,車両相互,境港署,133.2120608,35.52587095
死亡事故,日野郡日野町本郷,2015/12/23,軽乗用×歩行者,死亡事故,人対車両,黒坂署,133.4307031,35.23771229
自転車事故,鳥取市富安2丁目,2015/11/25,軽乗用×自転車,重傷事故,車両相互,鳥取署,134.2266646,35.49239956
自転車事故,鳥取市安長,2015/12/6,軽乗用×自転車,軽傷事故,車両相互,鳥取署,134.2032037,35.51323331
自転車事故,鳥取市松並町２丁目,2015/12/18,普通乗用×自転車,軽傷事故,車両相互,鳥取署,134.2184982,35.51645793
自転車事故,鳥取市吉方温泉４丁目,2015/12/21,軽乗用×自転車,軽傷事故,車両相互,鳥取署,134.239258,35.48752567
自転車事故,倉吉市河北町,2015/12/20,普通乗用×自転車,軽傷事故,車両相互,倉吉署,133.8448299,35.46379978
自転車事故,東伯郡北栄町東園,2015/12/28,軽貨物×自転車,軽傷事故,車両相互,倉吉署,133.7840353,35.48715605
自転車事故,米子市東福原七丁目,2015/11/22,軽乗用×自転車,軽傷事故,車両相互,米子署,133.3510718,35.44785714
自転車事故,米子市両三柳,2015/11/19,普通乗用×自転車,軽傷事故,車両相互,米子署,133.3218667,35.45578614
自転車事故,米子市糀町二丁目,2015/10/15,軽乗用×自転車,軽傷事故,車両相互,米子署,133.3386398,35.42898925
自転車事故,米子市皆生三丁目,2015/11/1,軽乗用×自転車×自転車,軽傷事故,車両相互,米子署,133.3642034,35.44838775
自転車事故,西伯郡南部町東町,2015/10/28,普通乗用×自転車,軽傷事故,車両相互,米子署,133.3412272,35.37994359
自転車事故,米子市末広町,2015/11/4,普通乗用×自転車,軽傷事故,車両相互,米子署,133.3333097,35.42363192
自転車事故,境港市外江町,2015/12/2,軽乗用×自転車,死亡事故,車両相互,境港署,133.2120608,35.52587095
自転車事故,西伯郡伯耆町大殿,2015/11/9,普通乗用×自転車,重傷事故,車両相互,黒坂署,133.4000975,35.38676608
歩行者事故,鳥取市杉崎,2015/11/13,原付車×歩行者,軽傷事故,人対車両,鳥取署,134.2480258,35.46560421
歩行者事故,鳥取市伏野,2015/12/4,普通乗用×歩行者,軽傷事故,人対車両,鳥取署,134.1387729,35.52544527
歩行者事故,鳥取市古海,2015/12/4,普通乗用×歩行者,重傷事故,人対車両,鳥取署,134.2034557,35.49592227
歩行者事故,鳥取市湖山町北6丁目,2015/12/12,普通乗用×歩行者,軽傷事故,人対車両,鳥取署,134.1820887,35.5187391
歩行者事故,鳥取市行徳,2015/12/11,軽乗用×歩行者,重傷事故,人対車両,鳥取署,134.2225164,35.49874619
歩行者事故,鳥取市茶町２０２,2015/12/11,軽乗用×歩行者,重傷事故,人対車両,鳥取署,134.2305468,35.501692
歩行者事故,鳥取市鍛治町,2015/12/7,軽乗用×歩行者,軽傷事故,人対車両,鳥取署,134.2346627,35.49958135
歩行者事故,鳥取市末広温泉町,2015/12/14,軽貨物×歩行者,軽傷事故,人対車両,鳥取署,134.2320833,35.49421462
歩行者事故,八頭郡八頭町奥谷,2015/12/22,軽乗用×歩行者,死亡事故,人対車両,郡家署,134.255183,35.41385303
歩行者事故,鳥取市青谷町亀尻,2015/12/9,軽乗用×歩行者,死亡事故,人対車両,浜村署,133.9859102,35.50500353
歩行者事故,倉吉市海田西町1丁目,2015/11/27,普通乗用×歩行者,軽傷事故,人対車両,倉吉署,133.8440083,35.46216515
歩行者事故,倉吉市見日町,2015/12/5,普通乗用×歩行者,重傷事故,人対車両,倉吉署,133.8393886,35.43873781
歩行者事故,倉吉市大塚,2015/12/2,原付車×歩行者,軽傷事故,人対車両,倉吉署,133.8385316,35.47615277
歩行者事故,東伯郡湯梨浜町大字久留,2015/12/11,普通乗用×歩行者,重傷事故,人対車両,倉吉署,133.8640857,35.48879415
歩行者事故,倉吉市上井町１丁目,2015/12/12,普通乗用×歩行者×歩行者,死亡事故,人対車両,倉吉署,133.8495984,35.45298519
歩行者事故,東伯郡湯梨浜町大字田後,2015/12/11,軽乗用×歩行者,軽傷事故,人対車両,倉吉署,133.8553872,35.48230337
歩行者事故,東伯郡湯梨浜町大字長和田,2015/12/12,軽乗用×歩行者,軽傷事故,人対車両,倉吉署,133.8764732,35.46307134
歩行者事故,倉吉市新町1丁目,2015/11/30,普通乗用×歩行者,軽傷事故,人対車両,倉吉署,133.823923,35.43271283
歩行者事故,米子市末広町,2015/11/19,普通乗用×歩行者,軽傷事故,人対車両,米子署,133.3329537,35.42205873
歩行者事故,米子市皆生五丁目,2015/12/3,普通乗用×歩行者,軽傷事故,人対車両,米子署,133.3610872,35.44657669
歩行者事故,米子市水浜,2015/12/14,軽乗用×歩行者,軽傷事故,人対車両,米子署,133.3917323,35.40277356
歩行者事故,米子市石井,2015/12/20,軽乗用×歩行者,軽傷事故,人対車両,米子署,133.3449703,35.40480016
歩行者事故,境港市蓮池町,2015/11/15,普通乗用×歩行者,重傷事故,人対車両,境港署,133.2242063,35.53937168
歩行者事故,日野郡日野町根雨,2015/11/25,普通乗用×歩行者,重傷事故,人対車両,黒坂署,133.4413878,35.24238486
歩行者事故,日野郡日野町本郷,2015/12/23,軽乗用×歩行者,死亡事故,人対車両,黒坂署,133.4307031,35.23771229
歩行者事故,日野郡江府町大字大河原,2015/11/4,普通乗用×歩行者,重傷事故,人対車両,黒坂署,133.5495558,35.34582869
